,Created
2,2025-06-01 00:11:32.022
7,2025-06-01 00:11:32.771
9,2025-06-01 00:11:33.072
12,2025-06-01 00:11:33.661
17,2025-06-01 00:12:48.118
18,2025-06-01 00:12:58.649
24,2025-06-01 00:17:08.745
27,2025-06-01 00:21:19.988
30,2025-06-01 00:24:52.002
37,2025-06-01 00:28:20.681
41,2025-06-01 00:35:13.708
44,2025-06-01 00:35:14.187
51,2025-06-01 01:00:31.482
55,2025-06-01 01:00:32.312
58,2025-06-01 01:00:33.342
60,2025-06-01 01:00:33.992
67,2025-06-01 01:06:25.318
77,2025-06-01 01:06:26.726
81,2025-06-01 01:06:27.254
84,2025-06-01 01:06:27.687
87,2025-06-01 01:08:47.283
88,2025-06-01 01:08:56.293
90,2025-06-01 01:12:03.115
94,2025-06-01 01:15:46.136
101,2025-06-01 01:19:54.949
108,2025-06-01 01:26:29.172
110,2025-06-01 01:29:37.052
112,2025-06-01 01:33:07.049
113,2025-06-01 01:36:37.121
114,2025-06-01 01:40:30.236
116,2025-06-01 01:44:40.309
117,2025-06-01 01:48:50.304
119,2025-06-01 01:52:22.303
122,2025-06-01 01:55:52.223
123,2025-06-01 01:59:22.232
124,2025-06-01 02:01:35.823
125,2025-06-01 02:05:45.845
126,2025-06-01 02:09:47.889
131,2025-06-01 02:13:17.998
136,2025-06-01 02:23:59.303
139,2025-06-01 02:23:59.740
142,2025-06-01 02:25:01.036
145,2025-06-01 02:28:55.454
146,2025-06-01 02:29:12.312
149,2025-06-01 03:33:04.209
152,2025-06-01 03:33:04.767
158,2025-06-01 03:33:05.868
162,2025-06-01 03:33:06.608
166,2025-06-01 03:33:08.376
167,2025-06-01 03:33:08.788
168,2025-06-01 03:33:09.254
170,2025-06-01 03:33:09.975
171,2025-06-01 03:33:10.534
172,2025-06-01 03:33:10.950
173,2025-06-01 03:33:11.422
174,2025-06-01 03:33:11.864
175,2025-06-01 03:33:12.288
176,2025-06-01 03:33:12.693
177,2025-06-01 03:33:13.104
178,2025-06-01 03:33:13.516
179,2025-06-01 03:33:15.574
180,2025-06-01 03:37:18.337
181,2025-06-01 03:40:48.332
182,2025-06-01 03:44:18.322
183,2025-06-01 03:47:51.370
184,2025-06-01 03:52:01.350
185,2025-06-01 03:56:11.406
186,2025-06-01 04:00:03.393
187,2025-06-01 04:03:33.412
188,2025-06-01 04:07:03.391
189,2025-06-01 04:10:46.425
190,2025-06-01 04:14:56.573
191,2025-06-01 04:19:06.505
192,2025-06-01 04:22:48.509
193,2025-06-01 04:26:18.576
194,2025-06-01 04:29:48.771
195,2025-06-01 04:33:41.546
196,2025-06-01 04:37:52.096
197,2025-06-01 04:42:01.592
198,2025-06-01 04:45:33.655
199,2025-06-01 04:49:03.660
200,2025-06-01 04:52:33.705
201,2025-06-01 04:56:36.687
202,2025-06-01 05:00:47.099
203,2025-06-01 05:04:48.783
204,2025-06-01 05:08:18.779
205,2025-06-01 05:11:48.797
206,2025-06-01 05:15:21.787
207,2025-06-01 05:19:33.411
208,2025-06-01 05:23:41.783
209,2025-06-01 05:27:33.913
210,2025-06-01 05:31:03.863
211,2025-06-01 05:34:33.857
212,2025-06-01 05:38:16.986
213,2025-06-01 05:42:26.890
214,2025-06-01 05:46:36.949
215,2025-06-01 05:50:18.948
216,2025-06-01 05:53:48.997
217,2025-06-01 05:57:19.349
218,2025-06-01 06:01:11.942
219,2025-06-01 06:05:22.380
220,2025-06-01 06:09:32.037
221,2025-06-01 06:13:04.084
222,2025-06-01 06:16:34.083
223,2025-06-01 06:20:04.102
224,2025-06-01 06:24:07.047
225,2025-06-01 06:28:17.109
226,2025-06-01 06:32:19.187
227,2025-06-01 06:35:49.646
228,2025-06-01 06:39:19.192
229,2025-06-01 06:42:52.251
230,2025-06-01 06:47:02.225
231,2025-06-01 06:51:12.211
232,2025-06-01 06:55:04.301
234,2025-06-01 06:58:34.732
235,2025-06-01 07:02:04.294
236,2025-06-01 07:05:47.450
237,2025-06-01 07:09:57.319
238,2025-06-01 07:14:07.337
239,2025-06-01 07:17:49.791
240,2025-06-01 07:21:19.538
241,2025-06-01 07:24:49.481
242,2025-06-01 07:28:42.475
243,2025-06-01 07:32:52.785
244,2025-06-01 07:37:02.523
245,2025-06-01 07:40:34.586
246,2025-06-01 07:44:04.656
247,2025-06-01 07:47:34.599
248,2025-06-01 07:51:37.497
249,2025-06-01 07:55:47.550
250,2025-06-01 07:59:49.705
251,2025-06-01 08:03:19.850
252,2025-06-01 08:06:49.599
253,2025-06-01 08:10:22.648
254,2025-06-01 08:14:32.695
255,2025-06-01 08:18:42.869
256,2025-06-01 08:22:34.826
257,2025-06-01 08:26:04.802
258,2025-06-01 08:29:36.593
259,2025-06-01 08:33:18.407
260,2025-06-01 08:37:27.710
261,2025-06-01 08:41:37.740
262,2025-06-01 08:45:20.226
263,2025-06-01 08:48:49.793
264,2025-06-01 08:52:20.252
265,2025-06-01 08:56:12.797
266,2025-06-01 09:00:22.896
267,2025-06-01 09:04:32.817
268,2025-06-01 09:08:04.892
269,2025-06-01 09:11:34.942
270,2025-06-01 09:15:05.028
271,2025-06-01 09:19:07.991
272,2025-06-01 09:23:18.112
273,2025-06-01 09:27:20.022
274,2025-06-01 09:30:50.121
275,2025-06-01 09:34:20.154
276,2025-06-01 09:37:53.001
277,2025-06-01 09:42:03.036
278,2025-06-01 09:46:13.442
279,2025-06-01 09:50:05.613
280,2025-06-01 09:53:35.423
281,2025-06-01 09:57:05.234
282,2025-06-01 10:00:48.296
283,2025-06-01 10:04:58.494
284,2025-06-01 10:09:08.228
285,2025-06-01 10:12:50.315
286,2025-06-01 10:16:20.670
287,2025-06-01 10:19:50.416
288,2025-06-01 10:23:43.239
289,2025-06-01 10:27:53.297
290,2025-06-01 10:32:03.318
291,2025-06-01 10:35:35.386
292,2025-06-01 10:39:05.487
293,2025-06-01 10:42:35.386
295,2025-06-01 10:46:38.400
298,2025-06-01 10:50:48.378
299,2025-06-01 10:54:50.399
300,2025-06-01 10:58:20.483
301,2025-06-01 11:01:50.465
304,2025-06-01 11:05:23.504
310,2025-06-01 11:09:32.722
315,2025-06-01 11:13:43.496
316,2025-06-01 11:14:10.258
326,2025-06-01 11:19:24.472
331,2025-06-01 11:22:55.214
336,2025-06-01 11:25:06.206
340,2025-06-01 11:28:49.172
343,2025-06-01 11:59:37.897
350,2025-06-01 12:04:16.152
355,2025-06-01 12:04:17.194
359,2025-06-01 12:04:18.192
362,2025-06-01 12:04:18.966
367,2025-06-01 12:04:20.482
373,2025-06-01 12:04:21.876
379,2025-06-01 12:04:23.253
384,2025-06-01 12:04:55.322
385,2025-06-01 12:05:08.777
386,2025-06-01 12:05:28.081
391,2025-06-01 12:19:12.053
394,2025-06-01 12:19:12.675
400,2025-06-01 12:19:13.873
408,2025-06-01 12:20:07.620
417,2025-06-01 12:24:10.552
420,2025-06-01 12:27:40.552
423,2025-06-01 12:31:10.847
429,2025-06-01 12:34:43.435
438,2025-06-01 12:38:53.600
444,2025-06-01 12:43:03.364
449,2025-06-01 12:46:56.032
452,2025-06-01 12:50:25.577
457,2025-06-01 12:53:55.542
463,2025-06-01 12:57:38.400
468,2025-06-01 13:01:47.598
475,2025-06-01 13:05:58.697
484,2025-06-01 13:07:50.507
495,2025-06-01 13:11:21.183
499,2025-06-01 13:15:21.782
501,2025-06-01 13:16:09.206
505,2025-06-01 13:19:19.865
510,2025-06-01 13:29:35.392
515,2025-06-01 13:29:35.984
518,2025-06-01 13:32:26.349
522,2025-06-01 13:35:55.386
525,2025-06-01 13:39:25.995
529,2025-06-01 13:43:28.887
535,2025-06-01 13:47:38.885
541,2025-06-01 13:51:41.253
547,2025-06-01 13:54:56.935
556,2025-06-01 13:56:51.359
562,2025-06-01 14:00:24.246
570,2025-06-01 14:21:30.557
576,2025-06-01 14:21:31.306
582,2025-06-01 14:21:32.056
594,2025-06-01 14:21:52.439
598,2025-06-01 14:21:54.242
602,2025-06-01 14:23:18.714
612,2025-06-01 14:27:29.901
616,2025-06-01 14:31:39.518
618,2025-06-01 14:35:22.046
620,2025-06-01 14:38:51.904
621,2025-06-01 14:42:21.679
622,2025-06-01 14:46:14.539
623,2025-06-01 14:50:24.508
624,2025-06-01 14:54:34.553
625,2025-06-01 14:58:06.869
632,2025-06-01 15:01:36.717
638,2025-06-01 15:05:06.846
647,2025-06-01 15:09:09.647
650,2025-06-01 15:13:20.072
658,2025-06-01 15:17:20.891
662,2025-06-01 15:21:22.353
667,2025-06-01 15:24:21.809
670,2025-06-01 15:29:45.743
674,2025-06-01 15:33:55.873
679,2025-06-01 15:38:05.253
680,2025-06-01 15:41:57.447
681,2025-06-01 15:45:30.159
683,2025-06-01 15:48:57.493
684,2025-06-01 15:58:10.255
685,2025-06-01 15:58:10.735
686,2025-06-01 16:01:00.921
687,2025-06-01 16:04:42.581
688,2025-06-01 16:04:57.094
690,2025-06-01 16:08:11.823
692,2025-06-01 16:11:43.240
694,2025-06-01 16:15:35.445
695,2025-06-01 16:19:46.001
696,2025-06-01 16:23:55.572
697,2025-06-01 16:24:10.120
699,2025-06-01 16:27:27.136
702,2025-06-01 16:30:57.888
703,2025-06-01 16:32:17.641
705,2025-06-01 16:34:28.319
712,2025-06-01 16:38:30.786
719,2025-06-01 16:42:39.896
723,2025-06-01 16:58:34.410
726,2025-06-01 16:58:34.870
730,2025-06-01 16:58:35.469
734,2025-06-01 16:58:36.070
737,2025-06-01 17:01:26.423
742,2025-06-01 17:05:36.534
746,2025-06-01 17:09:28.679
750,2025-06-01 17:12:58.800
754,2025-06-01 17:22:23.771
758,2025-06-01 17:22:25.568
766,2025-06-01 17:24:20.170
770,2025-06-01 17:28:30.114
775,2025-06-01 17:32:12.831
781,2025-06-01 17:35:41.189
784,2025-06-01 17:39:11.409
788,2025-06-01 17:43:04.877
794,2025-06-01 17:48:29.753
798,2025-06-01 17:51:24.727
803,2025-06-01 17:54:56.298
807,2025-06-01 17:58:27.144
813,2025-06-01 18:01:57.031
818,2025-06-01 18:06:14.947
828,2025-06-01 18:10:11.412
834,2025-06-01 18:14:25.752
835,2025-06-01 18:14:41.633
841,2025-06-01 18:17:43.514
847,2025-06-01 18:21:14.077
851,2025-06-01 18:24:47.032
854,2025-06-01 18:28:56.992
858,2025-06-01 18:33:07.051
862,2025-06-01 18:36:59.592
865,2025-06-01 18:40:29.172
873,2025-06-01 18:44:21.568
880,2025-06-01 18:47:40.659
883,2025-06-01 18:51:50.501
889,2025-06-01 18:59:37.870
894,2025-06-01 18:59:42.143
896,2025-06-01 19:03:13.045
898,2025-06-01 19:06:43.005
899,2025-06-01 19:10:36.516
900,2025-06-01 19:11:35.550
901,2025-06-01 19:14:46.941
902,2025-06-01 19:18:56.992
903,2025-06-01 19:21:34.693
904,2025-06-01 19:22:29.134
905,2025-06-01 19:25:59.641
906,2025-06-01 19:29:27.690
907,2025-06-01 19:33:32.076
908,2025-06-01 19:37:41.734
909,2025-06-01 19:41:42.765
910,2025-06-01 19:45:13.231
911,2025-06-01 19:48:44.262
912,2025-06-01 19:52:17.544
913,2025-06-01 19:56:26.835
914,2025-06-01 20:00:37.186
915,2025-06-01 20:04:28.325
916,2025-06-01 20:07:59.863
917,2025-06-01 20:11:28.323
918,2025-06-01 20:15:12.320
919,2025-06-01 20:19:22.748
920,2025-06-01 20:23:32.294
921,2025-06-01 20:27:13.004
922,2025-06-01 20:30:44.926
923,2025-06-01 20:34:13.420
924,2025-06-01 20:38:05.869
925,2025-06-01 20:42:15.892
926,2025-06-01 20:46:26.379
927,2025-06-01 20:49:58.088
928,2025-06-01 20:53:28.430
929,2025-06-01 20:57:00.181
930,2025-06-01 21:01:01.007
931,2025-06-01 21:05:11.482
932,2025-06-01 21:09:13.716
933,2025-06-01 21:12:44.489
934,2025-06-01 21:16:15.285
935,2025-06-01 21:19:47.282
936,2025-06-01 21:23:58.107
937,2025-06-01 21:28:07.713
938,2025-06-01 21:31:58.783
939,2025-06-01 21:35:29.967
940,2025-06-01 21:38:58.483
941,2025-06-01 21:42:42.437
942,2025-06-01 21:46:51.242
943,2025-06-01 21:51:01.675
944,2025-06-01 21:54:45.052
945,2025-06-01 21:58:14.613
946,2025-06-01 22:01:43.520
947,2025-06-01 22:05:38.345
948,2025-06-01 22:09:48.060
949,2025-06-01 22:13:56.835
950,2025-06-01 22:17:28.625
951,2025-06-01 22:21:00.691
952,2025-06-01 22:24:29.844
953,2025-06-01 22:28:33.479
954,2025-06-01 22:32:41.936
955,2025-06-01 22:36:44.156
956,2025-06-01 22:40:16.819
957,2025-06-01 22:43:45.374
958,2025-06-01 22:47:17.729
959,2025-06-01 22:51:26.475
960,2025-06-01 22:55:38.615
961,2025-06-01 22:59:28.792
962,2025-06-01 23:02:59.230
963,2025-06-01 23:06:28.822
964,2025-06-01 23:10:13.244
965,2025-06-01 23:14:22.096
966,2025-06-01 23:18:32.886
968,2025-06-01 23:22:13.931
969,2025-06-01 23:25:45.579
970,2025-06-01 23:29:14.386
971,2025-06-01 23:33:07.137
972,2025-06-01 23:37:16.778
973,2025-06-01 23:41:27.184
974,2025-06-01 23:44:59.390
975,2025-06-01 23:48:29.149
976,2025-06-01 23:52:01.192
977,2025-06-01 23:56:01.825
978,2025-06-02 00:00:13.915
979,2025-06-02 00:04:15.815
980,2025-06-02 00:07:44.110
981,2025-06-02 00:11:16.590
982,2025-06-02 00:14:49.058
983,2025-06-02 00:18:57.416
984,2025-06-02 00:23:09.065
985,2025-06-02 00:27:01.327
986,2025-06-02 00:30:31.372
987,2025-06-02 00:33:59.756
988,2025-06-02 00:37:42.521
989,2025-06-02 00:41:54.445
990,2025-06-02 00:46:03.873
991,2025-06-02 00:49:46.090
992,2025-06-02 00:53:16.127
993,2025-06-02 00:56:44.854
994,2025-06-02 01:00:37.623
995,2025-06-02 01:04:47.252
996,2025-06-02 01:08:57.339
997,2025-06-02 01:12:29.465
998,2025-06-02 01:16:00.184
999,2025-06-02 01:19:29.953
1000,2025-06-02 01:23:33.532
1001,2025-06-02 01:27:42.819
1002,2025-06-02 01:31:44.566
1003,2025-06-02 01:35:16.698
1004,2025-06-02 01:38:46.219
1005,2025-06-02 01:42:19.128
1006,2025-06-02 01:46:27.907
1007,2025-06-02 01:50:39.232
1008,2025-06-02 01:54:29.711
1009,2025-06-02 01:57:59.699
1010,2025-06-02 02:02:45.606
1011,2025-06-02 02:05:14.398
1012,2025-06-02 02:09:24.384
1013,2025-06-02 02:13:34.344
1014,2025-06-02 02:17:16.663
1015,2025-06-02 02:20:46.671
1016,2025-06-02 02:24:16.641
1017,2025-06-02 02:28:09.420
1018,2025-06-02 02:32:19.413
1019,2025-06-02 02:36:29.517
1020,2025-06-02 02:40:01.767
1021,2025-06-02 02:43:31.784
1022,2025-06-02 02:47:02.442
1023,2025-06-02 02:51:04.541
1024,2025-06-02 02:55:14.644
1025,2025-06-02 02:59:16.886
1026,2025-06-02 03:02:46.922
1027,2025-06-02 03:06:18.688
1028,2025-06-02 03:09:49.672
1029,2025-06-02 03:13:59.736
1030,2025-06-02 03:18:09.780
1032,2025-06-02 03:22:02.010
1033,2025-06-02 03:25:32.049
1034,2025-06-02 03:29:02.104
1035,2025-06-02 03:32:44.869
1036,2025-06-02 03:36:54.896
1037,2025-06-02 03:41:04.867
1038,2025-06-02 03:44:47.197
1039,2025-06-02 03:48:17.217
1040,2025-06-02 03:51:47.220
1041,2025-06-02 03:55:40.018
1042,2025-06-02 03:59:49.990
1043,2025-06-02 04:03:59.984
1044,2025-06-02 04:07:32.404
1045,2025-06-02 04:11:02.316
1046,2025-06-02 04:14:32.389
1047,2025-06-02 04:18:36.776
1048,2025-06-02 04:22:45.112
1049,2025-06-02 04:26:47.407
1050,2025-06-02 04:30:17.388
1051,2025-06-02 04:33:47.517
1052,2025-06-02 04:37:20.239
1053,2025-06-02 04:41:30.202
1054,2025-06-02 04:45:40.273
1055,2025-06-02 04:49:32.513
1056,2025-06-02 04:53:02.959
1057,2025-06-02 04:56:32.951
1058,2025-06-02 05:00:15.346
1059,2025-06-02 05:04:25.336
1060,2025-06-02 05:08:35.427
1061,2025-06-02 05:12:17.743
1062,2025-06-02 05:15:47.746
1063,2025-06-02 05:19:17.737
1064,2025-06-02 05:23:10.424
1065,2025-06-02 05:27:20.529
1066,2025-06-02 05:31:30.513
1067,2025-06-02 05:35:02.792
1068,2025-06-02 05:38:32.803
1069,2025-06-02 05:42:02.934
1070,2025-06-02 05:46:05.638
1071,2025-06-02 05:50:15.900
1072,2025-06-02 05:54:17.944
1073,2025-06-02 05:57:47.955
1074,2025-06-02 06:01:18.082
1075,2025-06-02 06:04:50.754
1076,2025-06-02 06:09:00.736
1077,2025-06-02 06:13:10.747
1078,2025-06-02 06:17:03.059
1079,2025-06-02 06:20:33.161
1080,2025-06-02 06:24:03.184
1081,2025-06-02 06:27:45.879
1082,2025-06-02 06:31:55.863
1083,2025-06-02 06:36:05.946
1084,2025-06-02 06:39:48.290
1085,2025-06-02 06:43:19.929
1086,2025-06-02 06:46:48.275
1087,2025-06-02 06:50:40.977
1088,2025-06-02 06:54:50.969
1089,2025-06-02 06:59:01.040
1090,2025-06-02 07:02:33.386
1091,2025-06-02 07:06:03.458
1092,2025-06-02 07:09:33.421
1093,2025-06-02 07:13:36.122
1094,2025-06-02 07:17:46.154
1096,2025-06-02 07:21:48.470
1097,2025-06-02 07:25:18.456
1098,2025-06-02 07:28:48.708
1099,2025-06-02 07:32:21.171
1100,2025-06-02 07:36:31.282
1101,2025-06-02 07:40:41.311
1102,2025-06-02 07:44:33.616
1103,2025-06-02 07:48:03.620
1104,2025-06-02 07:51:33.691
1105,2025-06-02 07:55:17.001
1106,2025-06-02 07:59:26.421
1107,2025-06-02 07:59:41.124
1108,2025-06-02 08:03:36.488
1109,2025-06-02 08:07:18.807
1110,2025-06-02 08:10:48.799
1111,2025-06-02 08:14:18.889
1112,2025-06-02 08:18:11.528
1113,2025-06-02 08:22:21.655
1114,2025-06-02 08:26:31.582
1115,2025-06-02 08:30:03.890
1116,2025-06-02 08:33:33.877
1117,2025-06-02 08:37:03.964
1118,2025-06-02 08:41:06.686
1119,2025-06-02 08:45:16.686
1120,2025-06-02 08:49:19.013
1121,2025-06-02 08:52:49.012
1122,2025-06-02 08:56:19.087
1123,2025-06-02 08:59:51.918
1124,2025-06-02 09:04:01.926
1125,2025-06-02 09:08:11.936
1126,2025-06-02 09:12:04.208
1127,2025-06-02 09:15:34.307
1128,2025-06-02 09:19:04.294
1129,2025-06-02 09:22:46.932
1130,2025-06-02 09:26:57.043
1131,2025-06-02 09:31:06.931
1132,2025-06-02 09:34:49.283
1133,2025-06-02 09:38:19.400
1134,2025-06-02 09:41:49.364
1135,2025-06-02 09:45:42.060
1136,2025-06-02 09:49:52.075
1137,2025-06-02 09:54:02.282
1138,2025-06-02 09:57:34.528
1139,2025-06-02 10:01:04.395
1140,2025-06-02 10:04:34.451
1141,2025-06-02 10:08:37.190
1142,2025-06-02 10:12:47.165
1143,2025-06-02 10:16:49.559
1144,2025-06-02 10:20:20.527
1145,2025-06-02 10:23:49.537
1146,2025-06-02 10:27:22.275
1147,2025-06-02 10:31:32.296
1148,2025-06-02 10:35:42.275
1149,2025-06-02 10:39:34.706
1150,2025-06-02 10:43:04.671
1151,2025-06-02 10:46:34.844
1152,2025-06-02 10:50:17.423
1153,2025-06-02 10:54:27.424
1154,2025-06-02 10:58:37.510
1155,2025-06-02 11:02:19.829
1156,2025-06-02 11:05:49.912
1157,2025-06-02 11:09:19.878
1158,2025-06-02 11:13:12.858
1159,2025-06-02 11:17:23.099
1160,2025-06-02 11:21:33.118
1162,2025-06-02 11:25:05.543
1163,2025-06-02 11:28:35.508
1164,2025-06-02 11:32:05.509
1165,2025-06-02 11:36:08.473
1166,2025-06-02 11:40:18.190
1167,2025-06-02 11:44:20.582
1168,2025-06-02 11:47:50.626
1169,2025-06-02 11:51:20.057
1170,2025-06-02 11:54:52.942
1171,2025-06-02 11:59:02.807
1172,2025-06-02 12:03:13.165
1173,2025-06-02 12:07:05.509
1174,2025-06-02 12:10:35.738
1175,2025-06-02 12:14:05.557
1176,2025-06-02 12:17:48.221
1177,2025-06-02 12:21:58.052
1178,2025-06-02 12:26:08.037
1179,2025-06-02 12:29:50.568
1180,2025-06-02 12:33:20.414
1181,2025-06-02 12:36:50.443
1182,2025-06-02 12:40:43.318
1183,2025-06-02 12:44:53.383
1184,2025-06-02 12:49:03.139
1185,2025-06-02 12:52:35.475
1186,2025-06-02 12:56:05.582
1187,2025-06-02 12:59:35.701
1188,2025-06-02 13:03:38.775
1189,2025-06-02 13:07:48.408
1190,2025-06-02 13:11:50.729
1191,2025-06-02 13:15:20.706
1192,2025-06-02 13:18:50.840
1193,2025-06-02 13:22:23.435
1194,2025-06-02 13:26:33.866
1195,2025-06-02 13:30:43.685
1196,2025-06-02 13:34:35.765
1197,2025-06-02 13:38:05.992
1198,2025-06-02 13:41:36.010
1199,2025-06-02 13:45:18.595
1200,2025-06-02 13:49:28.694
1201,2025-06-02 13:53:38.573
1202,2025-06-02 13:57:21.450
1203,2025-06-02 14:00:50.925
1204,2025-06-02 14:04:21.056
1205,2025-06-02 14:08:13.499
1206,2025-06-02 14:12:23.708
1207,2025-06-02 14:16:33.727
1208,2025-06-02 14:20:06.454
1209,2025-06-02 14:23:49.926
1210,2025-06-02 14:27:06.257
1211,2025-06-02 14:31:08.773
1212,2025-06-02 14:35:18.928
1213,2025-06-02 14:39:21.410
1214,2025-06-02 14:42:51.334
1215,2025-06-02 14:46:21.372
1216,2025-06-02 14:49:54.010
1217,2025-06-02 14:54:04.352
1218,2025-06-02 14:58:14.008
1219,2025-06-02 15:02:06.449
1220,2025-06-02 15:05:36.467
1221,2025-06-02 15:09:06.755
1222,2025-06-02 15:12:49.418
1223,2025-06-02 15:17:02.257
1224,2025-06-02 15:21:09.129
1226,2025-06-02 15:24:51.539
1227,2025-06-02 15:28:21.591
1228,2025-06-02 15:31:51.463
1229,2025-06-02 15:35:44.275
1230,2025-06-02 15:39:54.232
1231,2025-06-02 15:44:04.521
1232,2025-06-02 15:47:36.679
1233,2025-06-02 15:51:22.466
1234,2025-06-02 15:54:37.653
1235,2025-06-02 15:58:39.387
1236,2025-06-02 16:02:49.482
1237,2025-06-02 16:06:59.426
1238,2025-06-02 16:11:09.361
1239,2025-06-02 16:15:36.975
1240,2025-06-02 16:19:29.455
1241,2025-06-02 16:23:39.579
1242,2025-06-02 16:27:49.866
1243,2025-06-02 16:31:22.261
1244,2025-06-02 16:34:52.330
1245,2025-06-02 16:40:06.228
1246,2025-06-02 16:40:20.732
1247,2025-06-02 16:43:37.081
1248,2025-06-02 16:47:07.098
1249,2025-06-02 16:50:44.753
1250,2025-06-02 16:55:58.875
1251,2025-06-02 16:56:12.989
1252,2025-06-02 16:59:22.225
1253,2025-06-02 17:04:36.202
1254,2025-06-02 17:04:50.791
1255,2025-06-02 17:08:07.080
1256,2025-06-02 17:11:37.081
1257,2025-06-02 17:15:44.763
1258,2025-06-02 17:19:54.726
1259,2025-06-02 17:23:52.183
1260,2025-06-02 17:27:22.196
1261,2025-06-02 17:30:52.242
1262,2025-06-02 17:34:29.758
1263,2025-06-02 17:38:39.895
1264,2025-06-02 17:42:49.942
1265,2025-06-02 17:46:37.390
1266,2025-06-02 17:50:07.404
1267,2025-06-02 17:53:37.354
1268,2025-06-02 17:57:25.140
1269,2025-06-02 18:01:35.366
1270,2025-06-02 18:05:45.105
1271,2025-06-02 18:09:22.489
1272,2025-06-02 18:12:52.506
1273,2025-06-02 18:16:22.505
1274,2025-06-02 18:20:20.169
1275,2025-06-02 18:24:30.253
1276,2025-06-02 18:28:37.584
1277,2025-06-02 18:32:07.599
1278,2025-06-02 18:35:37.662
1279,2025-06-02 18:39:07.692
1280,2025-06-02 18:43:15.261
1281,2025-06-02 18:47:25.333
1282,2025-06-02 18:51:22.713
1283,2025-06-02 18:54:52.930
1284,2025-06-02 18:58:22.792
1285,2025-06-02 19:02:00.358
1286,2025-06-02 19:06:10.836
1287,2025-06-02 19:10:21.253
1288,2025-06-02 19:14:07.750
1289,2025-06-02 19:17:37.832
1290,2025-06-02 19:21:07.831
1292,2025-06-02 19:24:55.666
1293,2025-06-02 19:29:05.688
1294,2025-06-02 19:33:18.780
1295,2025-06-02 19:36:53.353
1296,2025-06-02 19:40:23.092
1297,2025-06-02 19:43:53.281
1298,2025-06-02 19:47:50.845
1299,2025-06-02 19:52:00.724
1300,2025-06-02 19:56:08.188
1301,2025-06-02 19:59:38.284
1302,2025-06-02 20:03:09.192
1303,2025-06-02 20:06:38.218
1304,2025-06-02 20:06:53.177
1305,2025-06-02 20:10:45.804
1306,2025-06-02 20:14:55.843
1307,2025-06-02 20:18:53.302
1308,2025-06-02 20:22:23.373
1309,2025-06-02 20:25:53.288
1310,2025-06-02 20:29:30.872
1311,2025-06-02 20:33:40.962
1312,2025-06-02 20:37:50.956
1313,2025-06-02 20:41:38.402
1314,2025-06-02 20:45:08.639
1315,2025-06-02 20:48:39.203
1316,2025-06-02 20:52:25.205
1317,2025-06-02 20:56:36.122
1318,2025-06-02 21:00:46.251
1319,2025-06-02 21:04:23.764
1320,2025-06-02 21:07:53.419
1321,2025-06-02 21:11:23.813
1322,2025-06-02 21:15:21.524
1323,2025-06-02 21:19:31.438
1324,2025-06-02 21:23:38.982
1325,2025-06-02 21:27:09.014
1326,2025-06-02 21:30:39.000
1327,2025-06-02 21:34:08.989
1328,2025-06-02 21:38:16.319
1329,2025-06-02 21:42:26.335
1330,2025-06-02 21:46:24.106
1331,2025-06-02 21:49:54.098
1332,2025-06-02 21:53:24.111
1333,2025-06-02 21:57:01.489
1334,2025-06-02 22:01:11.712
1335,2025-06-02 22:05:21.582
1336,2025-06-02 22:09:09.023
1337,2025-06-02 22:12:38.937
1338,2025-06-02 22:16:08.932
1339,2025-06-02 22:19:56.846
1340,2025-06-02 22:24:06.618
1341,2025-06-02 22:28:16.783
1342,2025-06-02 22:31:54.238
1343,2025-06-02 22:35:24.047
1344,2025-06-02 22:38:54.076
1345,2025-06-02 22:42:51.774
1346,2025-06-02 22:47:01.773
1347,2025-06-02 22:51:09.408
1348,2025-06-02 22:54:39.152
1349,2025-06-02 22:58:09.486
1350,2025-06-02 23:01:39.424
1351,2025-06-02 23:05:46.847
1352,2025-06-02 23:09:56.971
1353,2025-06-02 23:13:54.467
1354,2025-06-02 23:17:24.491
1355,2025-06-02 23:20:54.258
1357,2025-06-02 23:24:32.092
1358,2025-06-02 23:28:42.062
1359,2025-06-02 23:32:52.199
1360,2025-06-02 23:36:39.370
1361,2025-06-02 23:40:09.746
1362,2025-06-02 23:43:39.470
1363,2025-06-02 23:47:26.953
1364,2025-06-02 23:51:37.181
1365,2025-06-02 23:55:47.255
1366,2025-06-02 23:59:24.823
