,Date_Time,ibutton_key
0,2025-09-01 19:33:00,9E0A24010B00001F
1,2025-09-01 19:33:09,9E0A24010B00001F
2,2025-09-01 19:36:08,9E0A24010B00001F
3,2025-09-01 19:37:16,9E0A24010B00001F
4,2025-09-01 19:37:35,9E0A24010B00001F
5,2025-09-01 19:37:40,9E0A24010B00001F
6,2025-09-01 19:38:00,9E0A24010B00001F
7,2025-09-01 19:40:55,9E0A24010B00001F
8,2025-09-01 19:41:24,9E0A24010B00001F
9,2025-09-01 19:41:27,9E0A24010B00001F
10,2025-09-01 19:41:34,9E0A24010B00001F
11,2025-09-01 19:41:36,9E0A24010B00001F
12,2025-09-01 19:41:56,9E0A24010B00001F
13,2025-09-01 19:42:18,9E0A24010B00001F
14,2025-09-01 19:42:18,9E0A24010B00001F
15,2025-09-01 20:31:53,9E0A24010B00001F
16,2025-09-01 20:32:19,9E0A24010B00001F
17,2025-09-01 20:32:37,9E0A24010B00001F
18,2025-09-01 20:32:59,9E0A24010B00001F
19,2025-09-01 20:33:06,9E0A24010B00001F
20,2025-09-01 20:33:28,9E0A24010B00001F
21,2025-09-01 20:33:50,9E0A24010B00001F
22,2025-09-01 20:34:53,9E0A24010B00001F
23,2025-09-01 20:34:53,9E0A24010B00001F
24,2025-09-02 16:24:36,9E0A24010B00001F
25,2025-09-02 16:24:41,9E0A24010B00001F
26,2025-09-02 16:26:09,9E0A24010B00001F
27,2025-09-02 16:26:26,9E0A24010B00001F
28,2025-09-02 16:26:56,9E0A24010B00001F
29,2025-09-02 16:28:13,9E0A24010B00001F
30,2025-09-02 16:28:45,9E0A24010B00001F
31,2025-09-02 16:28:50,9E0A24010B00001F
32,2025-09-02 16:29:03,9E0A24010B00001F
33,2025-09-02 16:29:04,9E0A24010B00001F
34,2025-09-02 17:11:47,9E0A24010B00001F
35,2025-09-02 17:11:51,9E0A24010B00001F
36,2025-09-02 17:12:38,9E0A24010B00001F
37,2025-09-02 17:12:44,9E0A24010B00001F
38,2025-09-02 17:12:46,9E0A24010B00001F
39,2025-09-02 17:13:17,9E0A24010B00001F
40,2025-09-02 17:13:43,9E0A24010B00001F
41,2025-09-02 17:14:34,9E0A24010B00001F
42,2025-09-02 17:15:39,9E0A24010B00001F
43,2025-09-02 17:15:58,9E0A24010B00001F
44,2025-09-02 17:16:19,9E0A24010B00001F
45,2025-09-02 17:16:39,9E0A24010B00001F
46,2025-09-02 17:18:03,9E0A24010B00001F
47,2025-09-02 17:18:03,9E0A24010B00001F
48,2025-09-02 17:32:32,9E0A24010B00001F
49,2025-09-02 17:33:32,9E0A24010B00001F
50,2025-09-02 17:34:12,9E0A24010B00001F
51,2025-09-02 17:34:13,9E0A24010B00001F
52,2025-09-02 17:37:37,9E0A24010B00001F
53,2025-09-02 17:39:21,9E0A24010B00001F
54,2025-09-02 17:39:22,9E0A24010B00001F
55,2025-09-03 10:40:16,9EEAC3017D00001F
56,2025-09-03 10:40:23,9EEAC3017D00001F
57,2025-09-03 10:43:22,9EEAC3017D00001F
58,2025-09-03 10:43:49,9EEAC3017D00001F
59,2025-09-03 10:44:09,9EEAC3017D00001F
60,2025-09-03 10:45:32,9EEAC3017D00001F
61,2025-09-03 10:46:25,9EEAC3017D00001F
62,2025-09-03 10:46:27,9EEAC3017D00001F
63,2025-09-03 10:47:06,9EEAC3017D00001F
64,2025-09-03 10:47:26,9EEAC3017D00001F
65,2025-09-03 10:48:08,9EEAC3017D00001F
66,2025-09-03 10:48:09,9EEAC3017D00001F
67,2025-09-03 10:50:18,9EEAC3017D00001F
68,2025-09-03 10:58:08,9EEAC3017D00001F
69,2025-09-03 11:24:46,9EEAC3017D00001F
70,2025-09-03 11:27:45,9EEAC3017D00001F
71,2025-09-03 11:29:19,9EEAC3017D00001F
72,2025-09-03 11:29:19,9EEAC3017D00001F
73,2025-09-03 12:52:13,9E0A24010B00001F
74,2025-09-03 12:52:51,9E0A24010B00001F
75,2025-09-03 12:55:33,9E0A24010B00001F
76,2025-09-03 12:55:57,9E0A24010B00001F
77,2025-09-03 12:56:01,9E0A24010B00001F
78,2025-09-03 12:56:03,9E0A24010B00001F
79,2025-09-03 12:56:24,9E0A24010B00001F
80,2025-09-03 12:57:57,9E0A24010B00001F
81,2025-09-03 12:58:58,9E0A24010B00001F
82,2025-09-03 12:59:48,9E0A24010B00001F
83,2025-09-03 13:00:48,9E0A24010B00001F
84,2025-09-03 13:00:51,9E0A24010B00001F
85,2025-09-03 13:01:34,9E0A24010B00001F
86,2025-09-03 13:01:36,9E0A24010B00001F
87,2025-09-03 13:01:42,9E0A24010B00001F
88,2025-09-03 13:02:02,9E0A24010B00001F
89,2025-09-03 13:04:04,9E0A24010B00001F
90,2025-09-03 13:04:05,9E0A24010B00001F
91,2025-09-03 18:59:34,9E0A24010B00001F
92,2025-09-03 19:00:17,9E0A24010B00001F
93,2025-09-03 19:02:54,9E0A24010B00001F
94,2025-09-03 19:03:18,9E0A24010B00001F
95,2025-09-03 22:28:03,9EEAC3017D00001F
96,2025-09-03 22:28:09,9EEAC3017D00001F
97,2025-09-03 22:30:51,9EEAC3017D00001F
98,2025-09-03 22:31:31,9EEAC3017D00001F
99,2025-09-03 22:32:05,9EEAC3017D00001F
100,2025-09-03 22:32:40,9EEAC3017D00001F
101,2025-09-03 22:32:44,9EEAC3017D00001F
102,2025-09-03 22:33:16,9EEAC3017D00001F
103,2025-09-03 22:33:21,9EEAC3017D00001F
104,2025-09-03 22:34:14,9EEAC3017D00001F
105,2025-09-03 22:34:17,9EEAC3017D00001F
106,2025-09-03 22:34:38,9EEAC3017D00001F
107,2025-09-03 22:35:50,9EEAC3017D00001F
108,2025-09-03 22:36:58,9EEAC3017D00001F
109,2025-09-03 22:37:34,9EEAC3017D00001F
110,2025-09-03 22:37:34,9EEAC3017D00001F
111,2025-09-04 01:00:12,9EEAC3017D00001F
112,2025-09-04 01:00:44,9EEAC3017D00001F
113,2025-09-04 01:01:04,9EEAC3017D00001F
114,2025-09-04 01:01:46,9EEAC3017D00001F
115,2025-09-04 01:01:52,9EEAC3017D00001F
116,2025-09-04 01:01:59,9EEAC3017D00001F
117,2025-09-04 01:02:18,9EEAC3017D00001F
118,2025-09-04 01:02:21,9EEAC3017D00001F
119,2025-09-04 01:02:21,9EEAC3017D00001F
120,2025-09-04 01:20:15,9EEAC3017D00001F
121,2025-09-04 01:21:03,9EEAC3017D00001F
122,2025-09-04 01:21:03,9EEAC3017D00001F
123,2025-09-04 01:21:09,9EEAC3017D00001F
124,2025-09-04 01:21:14,9EEAC3017D00001F
125,2025-09-04 01:22:50,9EEAC3017D00001F
126,2025-09-04 01:23:31,9EEAC3017D00001F
127,2025-09-04 01:23:36,9EEAC3017D00001F
128,2025-09-04 01:23:55,9EEAC3017D00001F
129,2025-09-04 01:24:33,9EEAC3017D00001F
130,2025-09-04 01:24:33,9EEAC3017D00001F
131,2025-09-04 03:15:51,9EEAC3017D00001F
132,2025-09-04 03:15:59,9EEAC3017D00001F
133,2025-09-04 03:16:24,9EEAC3017D00001F
134,2025-09-04 03:16:28,9EEAC3017D00001F
135,2025-09-04 03:16:33,9EEAC3017D00001F
136,2025-09-04 03:16:33,9EEAC3017D00001F
137,2025-09-04 03:16:34,9EEAC3017D00001F
138,2025-09-04 03:16:45,9EEAC3017D00001F
139,2025-09-04 03:16:51,9EEAC3017D00001F
140,2025-09-04 03:17:27,9EEAC3017D00001F
141,2025-09-04 03:17:51,9EEAC3017D00001F
142,2025-09-04 03:18:20,9EEAC3017D00001F
143,2025-09-04 03:18:24,9EEAC3017D00001F
144,2025-09-04 03:18:50,9EEAC3017D00001F
145,2025-09-04 03:18:53,9EEAC3017D00001F
146,2025-09-04 03:19:50,9EEAC3017D00001F
147,2025-09-04 03:19:54,9EEAC3017D00001F
148,2025-09-04 03:20:21,9EEAC3017D00001F
149,2025-09-04 03:21:22,9EEAC3017D00001F
150,2025-09-04 03:21:54,9EEAC3017D00001F
151,2025-09-04 03:22:17,9EEAC3017D00001F
152,2025-09-04 03:22:49,9EEAC3017D00001F
153,2025-09-04 03:23:09,9EEAC3017D00001F
154,2025-09-04 03:23:54,9EEAC3017D00001F
155,2025-09-04 03:23:55,9EEAC3017D00001F
156,2025-09-04 08:47:27,9EEAC3017D00001F
157,2025-09-04 08:47:34,9EEAC3017D00001F
158,2025-09-04 12:38:46,9E0A24010B00001F
159,2025-09-04 12:41:36,9E0A24010B00001F
160,2025-09-04 12:43:03,9E0A24010B00001F
161,2025-09-04 12:43:35,9E0A24010B00001F
162,2025-09-04 12:44:52,9E0A24010B00001F
163,2025-09-04 12:45:32,9E0A24010B00001F
164,2025-09-04 12:45:35,9E0A24010B00001F
165,2025-09-04 12:45:54,9E0A24010B00001F
166,2025-09-04 12:48:54,9E0A24010B00001F
167,2025-09-04 12:49:09,9E0A24010B00001F
168,2025-09-04 12:50:16,9E0A24010B00001F
169,2025-09-04 12:51:33,9E0A24010B00001F
170,2025-09-04 12:52:20,9E0A24010B00001F
171,2025-09-04 12:52:22,9E0A24010B00001F
172,2025-09-04 12:53:04,9E0A24010B00001F
173,2025-09-04 12:53:06,9E0A24010B00001F
174,2025-09-04 12:53:13,9E0A24010B00001F
175,2025-09-04 12:53:34,9E0A24010B00001F
176,2025-09-04 12:56:34,9E0A24010B00001F
177,2025-09-04 12:56:58,9E0A24010B00001F
178,2025-09-04 12:56:58,9E0A24010B00001F
179,2025-09-04 13:47:16,9E0A24010B00001F
180,2025-09-04 13:47:49,9E0A24010B00001F
181,2025-09-04 13:47:58,9E0A24010B00001F
182,2025-09-04 13:48:00,9E0A24010B00001F
183,2025-09-04 13:48:54,9E0A24010B00001F
184,2025-09-04 13:49:00,9E0A24010B00001F
185,2025-09-04 13:49:58,9E0A24010B00001F
186,2025-09-04 13:50:22,9E0A24010B00001F
187,2025-09-04 13:51:24,9E0A24010B00001F
188,2025-09-04 13:53:01,9E0A24010B00001F
189,2025-09-04 13:54:00,9E0A24010B00001F
190,2025-09-04 13:54:19,9E0A24010B00001F
191,2025-09-04 13:55:07,9E0A24010B00001F
192,2025-09-04 13:55:18,9E0A24010B00001F
193,2025-09-04 13:55:21,9E0A24010B00001F
194,2025-09-04 13:55:23,9E0A24010B00001F
195,2025-09-04 13:55:43,9E0A24010B00001F
196,2025-09-04 13:56:09,9E0A24010B00001F
197,2025-09-04 13:56:10,9E0A24010B00001F
198,2025-09-04 14:44:29,9E0A24010B00001F
199,2025-09-04 14:44:30,9E0A24010B00001F
200,2025-09-04 14:47:30,9E0A24010B00001F
201,2025-09-04 14:48:06,9E0A24010B00001F
202,2025-09-04 14:48:33,9E0A24010B00001F
203,2025-09-04 14:49:35,9E0A24010B00001F
204,2025-09-04 14:49:42,9E0A24010B00001F
205,2025-09-04 14:49:43,9E0A24010B00001F
206,2025-09-04 14:49:49,9E0A24010B00001F
207,2025-09-04 14:50:08,9E0A24010B00001F
208,2025-09-04 14:51:28,9E0A24010B00001F
209,2025-09-04 14:51:50,9E0A24010B00001F
210,2025-09-04 14:52:35,9E0A24010B00001F
211,2025-09-04 14:53:13,9E0A24010B00001F
212,2025-09-04 14:53:38,9E0A24010B00001F
213,2025-09-04 14:53:47,9E0A24010B00001F
214,2025-09-04 14:54:08,9E0A24010B00001F
215,2025-09-04 14:54:50,9E0A24010B00001F
216,2025-09-04 14:54:50,9E0A24010B00001F
217,2025-09-04 16:11:09,9E0A24010B00001F
218,2025-09-04 16:11:44,9E0A24010B00001F
219,2025-09-04 16:12:46,9E0A24010B00001F
220,2025-09-04 16:13:58,9E0A24010B00001F
221,2025-09-04 16:15:00,9E0A24010B00001F
222,2025-09-04 16:15:38,9E0A24010B00001F
223,2025-09-04 16:16:14,9E0A24010B00001F
224,2025-09-04 16:17:23,9E0A24010B00001F
225,2025-09-04 16:18:22,9E0A24010B00001F
226,2025-09-04 16:19:32,9E0A24010B00001F
227,2025-09-04 16:20:22,9E0A24010B00001F
228,2025-09-04 16:21:28,9E0A24010B00001F
229,2025-09-04 16:21:41,9E0A24010B00001F
230,2025-09-04 16:21:49,9E0A24010B00001F
231,2025-09-04 16:21:59,9E0A24010B00001F
232,2025-09-04 16:22:09,9E0A24010B00001F
233,2025-09-04 16:22:19,9E0A24010B00001F
234,2025-09-04 16:23:38,9E0A24010B00001F
235,2025-09-04 16:24:06,9E0A24010B00001F
236,2025-09-04 16:24:29,9E0A24010B00001F
237,2025-09-04 16:24:40,9E0A24010B00001F
238,2025-09-04 16:24:47,9E0A24010B00001F
239,2025-09-04 16:25:26,9E0A24010B00001F
240,2025-09-04 16:28:26,9E0A24010B00001F
241,2025-09-04 16:29:32,9E0A24010B00001F
242,2025-09-04 16:29:33,9E0A24010B00001F
243,2025-09-04 17:00:57,9E0A24010B00001F
244,2025-09-04 17:00:57,9E0A24010B00001F
245,2025-09-04 17:03:00,9E0A24010B00001F
246,2025-09-04 17:03:42,9E0A24010B00001F
247,2025-09-04 17:04:01,9E0A24010B00001F
248,2025-09-04 17:04:09,9E0A24010B00001F
249,2025-09-04 17:05:44,9E0A24010B00001F
250,2025-09-04 17:06:30,9E0A24010B00001F
251,2025-09-04 17:07:58,9E0A24010B00001F
252,2025-09-04 17:08:29,9E0A24010B00001F
253,2025-09-04 17:09:30,9E0A24010B00001F
254,2025-09-04 17:09:50,9E0A24010B00001F
255,2025-09-04 17:09:53,9E0A24010B00001F
256,2025-09-04 17:10:25,9E0A24010B00001F
257,2025-09-04 17:10:56,9E0A24010B00001F
258,2025-09-04 17:12:38,9E0A24010B00001F
259,2025-09-04 17:14:23,9E0A24010B00001F
260,2025-09-04 17:14:46,9E0A24010B00001F
261,2025-09-04 17:15:55,9E0A24010B00001F
262,2025-09-04 17:17:11,9E0A24010B00001F
263,2025-09-04 17:18:09,9E0A24010B00001F
264,2025-09-04 17:20:09,9E0A24010B00001F
265,2025-09-04 17:22:09,9E0A24010B00001F
266,2025-09-04 17:23:14,9E0A24010B00001F
267,2025-09-04 17:24:11,9E0A24010B00001F
268,2025-09-04 17:26:11,9E0A24010B00001F
269,2025-09-04 17:27:06,9E0A24010B00001F
270,2025-09-04 17:27:18,9E0A24010B00001F
271,2025-09-04 17:27:59,9E0A24010B00001F
272,2025-09-04 17:28:32,9E0A24010B00001F
273,2025-09-04 17:29:07,9E0A24010B00001F
274,2025-09-04 17:29:10,9E0A24010B00001F
275,2025-09-04 17:29:12,9E0A24010B00001F
276,2025-09-04 17:29:26,9E0A24010B00001F
277,2025-09-04 17:29:26,9E0A24010B00001F
278,2025-09-04 21:39:28,9E0A24010B00001F
279,2025-09-04 21:40:21,9E0A24010B00001F
280,2025-09-04 21:40:24,9E0A24010B00001F
281,2025-09-04 21:40:47,9E0A24010B00001F
282,2025-09-04 21:42:20,9E0A24010B00001F
283,2025-09-04 21:43:41,9E0A24010B00001F
284,2025-09-04 21:43:47,9E0A24010B00001F
285,2025-09-04 21:43:48,9E0A24010B00001F
286,2025-09-04 21:43:50,9E0A24010B00001F
287,2025-09-04 21:44:16,9E0A24010B00001F
288,2025-09-04 21:47:16,9E0A24010B00001F
289,2025-09-04 21:49:16,9E0A24010B00001F
290,2025-09-04 21:50:06,9E0A24010B00001F
291,2025-09-04 21:50:55,9E0A24010B00001F
292,2025-09-04 21:50:57,9E0A24010B00001F
293,2025-09-04 21:51:54,9E0A24010B00001F
294,2025-09-04 21:51:59,9E0A24010B00001F
295,2025-09-04 21:52:32,9E0A24010B00001F
296,2025-09-04 21:52:37,9E0A24010B00001F
297,2025-09-04 21:52:50,9E0A24010B00001F
298,2025-09-04 21:52:51,9E0A24010B00001F
299,2025-09-04 21:52:51,9E0A24010B00001F
300,2025-09-04 21:53:03,9E0A24010B00001F
301,2025-09-04 21:53:04,9E0A24010B00001F
302,2025-09-04 21:53:10,9E0A24010B00001F
303,2025-09-04 21:53:31,9E0A24010B00001F
304,2025-09-04 21:54:05,9E0A24010B00001F
305,2025-09-04 21:54:06,9E0A24010B00001F
306,2025-09-05 12:12:19,9E0A24010B00001F
307,2025-09-05 12:14:53,9E0A24010B00001F
308,2025-09-05 12:16:20,9E0A24010B00001F
309,2025-09-05 12:16:43,9E0A24010B00001F
310,2025-09-05 12:16:47,9E0A24010B00001F
311,2025-09-05 12:16:49,9E0A24010B00001F
312,2025-09-05 12:17:08,9E0A24010B00001F
313,2025-09-05 12:18:09,9E0A24010B00001F
314,2025-09-05 12:19:12,9E0A24010B00001F
315,2025-09-05 12:19:37,9E0A24010B00001F
316,2025-09-05 12:20:28,9E0A24010B00001F
317,2025-09-05 12:20:31,9E0A24010B00001F
318,2025-09-05 12:21:19,9E0A24010B00001F
319,2025-09-05 12:21:21,9E0A24010B00001F
320,2025-09-05 12:21:27,9E0A24010B00001F
321,2025-09-05 12:21:47,9E0A24010B00001F
322,2025-09-05 12:22:10,9E0A24010B00001F
323,2025-09-05 12:22:10,9E0A24010B00001F
324,2025-09-05 13:23:43,9E0A24010B00001F
325,2025-09-05 13:23:49,9E0A24010B00001F
326,2025-09-05 13:24:34,9E0A24010B00001F
327,2025-09-05 13:24:40,9E0A24010B00001F
328,2025-09-05 13:24:42,9E0A24010B00001F
329,2025-09-05 13:25:28,9E0A24010B00001F
330,2025-09-05 13:25:34,9E0A24010B00001F
331,2025-09-05 13:26:47,9E0A24010B00001F
332,2025-09-05 13:27:15,9E0A24010B00001F
333,2025-09-05 13:28:17,9E0A24010B00001F
334,2025-09-05 13:30:02,9E0A24010B00001F
335,2025-09-05 13:30:56,9E0A24010B00001F
336,2025-09-05 13:31:20,9E0A24010B00001F
337,2025-09-05 13:31:41,9E0A24010B00001F
338,2025-09-05 13:32:10,9E0A24010B00001F
339,2025-09-05 13:32:32,9E0A24010B00001F
340,2025-09-05 13:34:44,9E0A24010B00001F
341,2025-09-05 13:34:44,9E0A24010B00001F
342,2025-09-05 13:50:43,9E0A24010B00001F
343,2025-09-05 13:52:12,9E0A24010B00001F
344,2025-09-05 13:52:49,9E0A24010B00001F
345,2025-09-05 13:53:34,9E0A24010B00001F
346,2025-09-05 13:53:39,9E0A24010B00001F
347,2025-09-05 13:53:42,9E0A24010B00001F
348,2025-09-05 13:54:02,9E0A24010B00001F
349,2025-09-05 13:57:02,9E0A24010B00001F
350,2025-09-05 13:59:02,9E0A24010B00001F
351,2025-09-05 14:24:56,9E0A24010B00001F
352,2025-09-05 14:24:58,9E0A24010B00001F
353,2025-09-05 14:25:18,9E0A24010B00001F
354,2025-09-05 14:28:18,9E0A24010B00001F
355,2025-09-05 14:30:18,9E0A24010B00001F
356,2025-09-05 14:33:04,9E0A24010B00001F
357,2025-09-05 14:33:29,9E0A24010B00001F
358,2025-09-05 14:36:29,9E0A24010B00001F
359,2025-09-05 14:38:29,9E0A24010B00001F
360,2025-09-05 14:38:51,9E0A24010B00001F
361,2025-09-05 14:40:11,9E0A24010B00001F
362,2025-09-05 14:41:39,9E0A24010B00001F
363,2025-09-05 14:42:29,9E0A24010B00001F
364,2025-09-05 14:42:32,9E0A24010B00001F
365,2025-09-05 14:43:18,9E0A24010B00001F
366,2025-09-05 14:43:21,9E0A24010B00001F
367,2025-09-05 14:43:28,9E0A24010B00001F
368,2025-09-05 14:43:48,9E0A24010B00001F
369,2025-09-05 14:44:16,9E0A24010B00001F
370,2025-09-05 14:44:17,9E0A24010B00001F
371,2025-09-05 16:40:03,9E0A24010B00001F
372,2025-09-05 16:40:08,9E0A24010B00001F
373,2025-09-05 16:43:08,9E0A24010B00001F
374,2025-09-05 16:44:11,9E0A24010B00001F
375,2025-09-05 16:44:12,9E0A24010B00001F
376,2025-09-05 21:00:53,9E0A24010B00001F
377,2025-09-05 21:03:13,9E0A24010B00001F
378,2025-09-05 21:03:56,9E0A24010B00001F
379,2025-09-05 21:04:50,9E0A24010B00001F
380,2025-09-05 21:07:50,9E0A24010B00001F
381,2025-09-05 21:08:57,9E0A24010B00001F
382,2025-09-05 21:09:43,9E0A24010B00001F
383,2025-09-05 21:10:59,9E0A24010B00001F
384,2025-09-05 21:11:00,9E0A24010B00001F
385,2025-09-05 21:50:17,9E0A24010B00001F
386,2025-09-05 21:50:22,9E0A24010B00001F
387,2025-09-05 21:51:03,9E0A24010B00001F
388,2025-09-05 21:51:22,9E0A24010B00001F
389,2025-09-05 21:51:35,9E0A24010B00001F
390,2025-09-05 21:52:57,9E0A24010B00001F
391,2025-09-05 21:53:25,9E0A24010B00001F
392,2025-09-05 21:53:34,9E0A24010B00001F
393,2025-09-05 21:54:23,9E0A24010B00001F
394,2025-09-05 21:54:50,9E0A24010B00001F
395,2025-09-05 21:55:09,9E0A24010B00001F
396,2025-09-05 21:55:54,9E0A24010B00001F
397,2025-09-05 21:57:18,9E0A24010B00001F
398,2025-09-05 21:57:22,9E0A24010B00001F
399,2025-09-05 21:57:46,9E0A24010B00001F
400,2025-09-05 22:00:46,9E0A24010B00001F
401,2025-09-05 22:01:22,9E0A24010B00001F
402,2025-09-05 22:01:23,9E0A24010B00001F
403,2025-09-06 12:19:34,9E0A24010B00001F
404,2025-09-06 12:22:11,9E0A24010B00001F
405,2025-09-06 12:23:31,9E0A24010B00001F
406,2025-09-06 12:23:57,9E0A24010B00001F
407,2025-09-06 12:24:52,9E0A24010B00001F
408,2025-09-06 12:25:04,9E0A24010B00001F
409,2025-09-06 12:25:06,9E0A24010B00001F
410,2025-09-06 12:25:08,9E0A24010B00001F
411,2025-09-06 12:25:30,9E0A24010B00001F
412,2025-09-06 12:25:30,9E0A24010B00001F
413,2025-09-06 14:34:45,9E0A24010B00001F
414,2025-09-06 14:35:28,9E0A24010B00001F
415,2025-09-06 14:35:28,9E0A24010B00001F
416,2025-09-06 14:35:39,9E0A24010B00001F
417,2025-09-06 14:35:41,9E0A24010B00001F
418,2025-09-06 14:36:56,9E0A24010B00001F
419,2025-09-06 14:37:02,9E0A24010B00001F
420,2025-09-06 14:38:16,9E0A24010B00001F
421,2025-09-06 14:38:46,9E0A24010B00001F
422,2025-09-06 14:40:14,9E0A24010B00001F
423,2025-09-06 14:41:57,9E0A24010B00001F
424,2025-09-06 14:43:35,9E0A24010B00001F
425,2025-09-06 14:44:45,9E0A24010B00001F
426,2025-09-06 14:45:29,9E0A24010B00001F
427,2025-09-06 14:45:50,9E0A24010B00001F
428,2025-09-06 14:46:20,9E0A24010B00001F
429,2025-09-06 14:46:22,9E0A24010B00001F
430,2025-09-06 14:46:43,9E0A24010B00001F
431,2025-09-06 14:49:43,9E0A24010B00001F
432,2025-09-06 14:50:08,9E0A24010B00001F
433,2025-09-06 14:51:25,9E0A24010B00001F
434,2025-09-06 14:51:31,9E0A24010B00001F
435,2025-09-06 14:51:33,9E0A24010B00001F
436,2025-09-06 14:51:52,9E0A24010B00001F
437,2025-09-06 14:52:08,9E0A24010B00001F
438,2025-09-06 14:52:08,9E0A24010B00001F
439,2025-09-06 14:52:59,9E0A24010B00001F
440,2025-09-06 14:53:06,9E0A24010B00001F
441,2025-09-06 14:54:02,9E0A24010B00001F
442,2025-09-06 14:55:32,9E0A24010B00001F
443,2025-09-06 14:56:10,9E0A24010B00001F
444,2025-09-06 14:57:48,9E0A24010B00001F
445,2025-09-06 14:57:51,9E0A24010B00001F
446,2025-09-06 14:59:08,9E0A24010B00001F
447,2025-09-06 14:59:11,9E0A24010B00001F
448,2025-09-06 14:59:18,9E0A24010B00001F
449,2025-09-06 14:59:37,9E0A24010B00001F
450,2025-09-06 15:02:27,9E0A24010B00001F
451,2025-09-06 15:02:27,9E0A24010B00001F
452,2025-09-07 12:55:30,9E0A24010B00001F
453,2025-09-07 12:55:39,9E0A24010B00001F
454,2025-09-08 10:10:44,9E0A24010B00001F
455,2025-09-08 10:10:44,9E0A24010B00001F
456,2025-09-08 10:13:44,9E0A24010B00001F
457,2025-09-08 10:15:31,9E0A24010B00001F
458,2025-09-08 10:15:32,9E0A24010B00001F
459,2025-09-08 12:19:50,9E0A24010B00001F
460,2025-09-08 12:19:56,9E0A24010B00001F
461,2025-09-08 12:22:56,9E0A24010B00001F
462,2025-09-08 12:23:05,9E0A24010B00001F
463,2025-09-08 12:23:27,9E0A24010B00001F
464,2025-09-08 12:23:31,9E0A24010B00001F
465,2025-09-08 12:23:53,9E0A24010B00001F
466,2025-09-08 12:25:01,9E0A24010B00001F
467,2025-09-08 12:26:00,9E0A24010B00001F
468,2025-09-08 12:28:18,9E0A24010B00001F
469,2025-09-08 12:29:09,9E0A24010B00001F
470,2025-09-08 12:29:11,9E0A24010B00001F
471,2025-09-08 12:30:04,9E0A24010B00001F
472,2025-09-08 12:30:07,9E0A24010B00001F
473,2025-09-08 12:30:12,9E0A24010B00001F
474,2025-09-08 12:30:33,9E0A24010B00001F
475,2025-09-08 12:33:33,9E0A24010B00001F
476,2025-09-08 12:35:33,9E0A24010B00001F
477,2025-09-08 12:54:28,9E0A24010B00001F
478,2025-09-08 12:54:29,9E0A24010B00001F
479,2025-09-08 19:19:17,9E0A24010B00001F
480,2025-09-08 19:19:22,9E0A24010B00001F
481,2025-09-08 19:21:15,9E0A24010B00001F
482,2025-09-08 19:21:35,9E0A24010B00001F
483,2025-09-08 19:21:51,9E0A24010B00001F
484,2025-09-08 19:22:12,9E0A24010B00001F
485,2025-09-08 19:23:12,9E0A24010B00001F
486,2025-09-08 19:24:29,9E0A24010B00001F
487,2025-09-08 19:25:47,9E0A24010B00001F
488,2025-09-08 19:26:39,9E0A24010B00001F
489,2025-09-08 19:26:41,9E0A24010B00001F
490,2025-09-08 19:27:29,9E0A24010B00001F
491,2025-09-08 19:27:33,9E0A24010B00001F
492,2025-09-08 19:27:40,9E0A24010B00001F
493,2025-09-08 19:28:00,9E0A24010B00001F
494,2025-09-08 19:31:00,9E0A24010B00001F
495,2025-09-08 19:31:31,9E0A24010B00001F
496,2025-09-08 19:31:31,9E0A24010B00001F
497,2025-09-09 13:06:43,9E0A24010B00001F
498,2025-09-09 13:08:08,9E0A24010B00001F
499,2025-09-09 13:08:38,9E0A24010B00001F
500,2025-09-09 13:09:26,9E0A24010B00001F
501,2025-09-09 13:10:15,9E0A24010B00001F
502,2025-09-09 13:10:31,9E0A24010B00001F
503,2025-09-09 13:11:10,9E0A24010B00001F
504,2025-09-09 13:12:04,9E0A24010B00001F
505,2025-09-09 13:12:11,9E0A24010B00001F
506,2025-09-09 13:12:32,9E0A24010B00001F
507,2025-09-09 13:13:01,9E0A24010B00001F
508,2025-09-09 13:13:02,9E0A24010B00001F
509,2025-09-09 18:22:28,9E0A24010B00001F
510,2025-09-09 18:22:37,9E0A24010B00001F
511,2025-09-09 18:22:46,9E0A24010B00001F
512,2025-09-09 18:22:46,9E0A24010B00001F
513,2025-09-10 12:40:07,9E0A24010B00001F
514,2025-09-10 12:40:16,9E0A24010B00001F
515,2025-09-10 12:41:15,9E0A24010B00001F
516,2025-09-10 12:41:37,9E0A24010B00001F
517,2025-09-10 12:41:40,9E0A24010B00001F
518,2025-09-10 12:41:43,9E0A24010B00001F
519,2025-09-10 12:42:03,9E0A24010B00001F
520,2025-09-10 12:43:05,9E0A24010B00001F
521,2025-09-10 12:44:18,9E0A24010B00001F
522,2025-09-10 12:46:21,9E0A24010B00001F
523,2025-09-10 12:46:28,9E0A24010B00001F
524,2025-09-10 12:46:28,9E0A24010B00001F
525,2025-09-10 12:46:29,9E0A24010B00001F
526,2025-09-10 12:46:31,9E0A24010B00001F
527,2025-09-10 12:46:52,9E0A24010B00001F
528,2025-09-10 12:49:11,9E0A24010B00001F
529,2025-09-10 12:50:45,9E0A24010B00001F
530,2025-09-10 12:50:47,9E0A24010B00001F
531,2025-09-10 12:52:02,9E0A24010B00001F
532,2025-09-10 12:52:07,9E0A24010B00001F
533,2025-09-10 12:52:11,9E0A24010B00001F
534,2025-09-10 12:52:31,9E0A24010B00001F
535,2025-09-10 12:55:31,9E0A24010B00001F
536,2025-09-10 12:57:31,9E0A24010B00001F
537,2025-09-10 13:04:52,9E0A24010B00001F
538,2025-09-10 13:04:52,9E0A24010B00001F
539,2025-09-10 14:32:45,9E0A24010B00001F
540,2025-09-10 14:33:25,9E0A24010B00001F
541,2025-09-10 14:33:51,9E0A24010B00001F
542,2025-09-10 14:34:07,9E0A24010B00001F
543,2025-09-10 14:34:09,9E0A24010B00001F
544,2025-09-10 14:34:17,9E0A24010B00001F
545,2025-09-10 14:34:19,9E0A24010B00001F
546,2025-09-10 14:34:42,9E0A24010B00001F
547,2025-09-10 14:34:46,9E0A24010B00001F
548,2025-09-10 14:34:48,9E0A24010B00001F
549,2025-09-10 14:35:22,9E0A24010B00001F
550,2025-09-10 14:35:25,9E0A24010B00001F
551,2025-09-10 14:36:44,9E0A24010B00001F
552,2025-09-10 14:37:22,9E0A24010B00001F
553,2025-09-10 14:37:28,9E0A24010B00001F
554,2025-09-10 14:39:27,9E0A24010B00001F
555,2025-09-10 14:39:30,9E0A24010B00001F
556,2025-09-10 14:39:39,9E0A24010B00001F
557,2025-09-10 14:39:59,9E0A24010B00001F
558,2025-09-10 14:42:59,9E0A24010B00001F
559,2025-09-10 14:44:59,9E0A24010B00001F
560,2025-09-10 15:03:55,9E0A24010B00001F
561,2025-09-10 15:03:56,9E0A24010B00001F
562,2025-09-11 10:59:13,9E0A24010B00001F
563,2025-09-11 11:01:22,9E0A24010B00001F
564,2025-09-11 11:01:22,9E0A24010B00001F
565,2025-09-11 12:56:56,9E0A24010B00001F
566,2025-09-11 12:57:01,9E0A24010B00001F
567,2025-09-11 12:59:45,9E0A24010B00001F
568,2025-09-11 13:00:22,9E0A24010B00001F
569,2025-09-11 13:00:45,9E0A24010B00001F
570,2025-09-11 13:02:15,9E0A24010B00001F
571,2025-09-11 13:02:15,9E0A24010B00001F
572,2025-09-11 19:16:23,9E0A24010B00001F
573,2025-09-11 19:16:29,9E0A24010B00001F
574,2025-09-11 19:18:17,9E0A24010B00001F
575,2025-09-11 19:18:53,9E0A24010B00001F
576,2025-09-11 19:19:41,9E0A24010B00001F
577,2025-09-11 19:19:41,9E0A24010B00001F
578,2025-09-12 11:05:41,9E0A24010B00001F
579,2025-09-12 11:05:52,9E0A24010B00001F
580,2025-09-12 11:06:06,9E0A24010B00001F
581,2025-09-12 11:06:24,9E0A24010B00001F
582,2025-09-12 12:16:42,9E0A24010B00001F
583,2025-09-12 12:19:35,9E0A24010B00001F
584,2025-09-12 12:20:21,9E0A24010B00001F
585,2025-09-12 12:20:21,9E0A24010B00001F
586,2025-09-12 14:41:36,9E0A24010B00001F
587,2025-09-12 14:42:17,9E0A24010B00001F
588,2025-09-12 14:42:18,9E0A24010B00001F
589,2025-09-12 14:42:21,9E0A24010B00001F
590,2025-09-12 14:42:32,9E0A24010B00001F
591,2025-09-12 14:43:20,9E0A24010B00001F
592,2025-09-12 14:43:21,9E0A24010B00001F
593,2025-09-12 15:16:51,9E0A24010B00001F
594,2025-09-12 15:16:58,9E0A24010B00001F
595,2025-09-12 15:17:13,9E0A24010B00001F
596,2025-09-12 15:17:13,9E0A24010B00001F
597,2025-09-12 15:17:33,9E0A24010B00001F
598,2025-09-12 15:18:11,9E0A24010B00001F
599,2025-09-12 15:18:33,9E0A24010B00001F
600,2025-09-12 15:21:23,9E0A24010B00001F
601,2025-09-12 15:22:08,9E0A24010B00001F
602,2025-09-12 15:24:31,9E0A24010B00001F
603,2025-09-12 15:24:59,9E0A24010B00001F
604,2025-09-12 15:27:59,9E0A24010B00001F
605,2025-09-12 15:29:59,9E0A24010B00001F
606,2025-09-12 15:32:08,9E0A24010B00001F
607,2025-09-12 15:32:08,9E0A24010B00001F
608,2025-09-13 14:03:50,9E0A24010B00001F
609,2025-09-13 14:03:58,9E0A24010B00001F
610,2025-09-13 14:04:56,9E0A24010B00001F
611,2025-09-13 14:05:25,9E0A24010B00001F
612,2025-09-13 14:06:50,9E0A24010B00001F
613,2025-09-13 14:06:58,9E0A24010B00001F
614,2025-09-13 14:07:01,9E0A24010B00001F
615,2025-09-13 14:07:18,9E0A24010B00001F
616,2025-09-13 14:07:55,9E0A24010B00001F
617,2025-09-13 14:07:56,9E0A24010B00001F
618,2025-09-13 14:07:59,9E0A24010B00001F
619,2025-09-13 14:08:52,9E0A24010B00001F
620,2025-09-13 14:08:57,9E0A24010B00001F
621,2025-09-13 14:09:09,9E0A24010B00001F
622,2025-09-13 14:09:10,9E0A24010B00001F
623,2025-09-15 13:51:10,9E0A24010B00001F
624,2025-09-15 13:51:16,9E0A24010B00001F
625,2025-09-15 13:52:21,9E0A24010B00001F
626,2025-09-15 13:53:06,9E0A24010B00001F
627,2025-09-15 13:53:29,9E0A24010B00001F
628,2025-09-15 13:55:14,9E0A24010B00001F
629,2025-09-15 13:56:45,9E0A24010B00001F
630,2025-09-15 13:58:10,9E0A24010B00001F
631,2025-09-15 13:59:34,9E0A24010B00001F
632,2025-09-15 13:59:36,9E0A24010B00001F
633,2025-09-15 14:00:45,9E0A24010B00001F
634,2025-09-15 14:00:49,9E0A24010B00001F
635,2025-09-15 14:01:12,9E0A24010B00001F
636,2025-09-15 14:02:47,9E0A24010B00001F
637,2025-09-15 14:03:00,9E0A24010B00001F
638,2025-09-15 14:03:04,9E0A24010B00001F
639,2025-09-15 14:03:28,9E0A24010B00001F
640,2025-09-15 14:03:31,9E0A24010B00001F
641,2025-09-15 14:03:49,9E0A24010B00001F
642,2025-09-15 14:03:51,9E0A24010B00001F
643,2025-09-15 14:04:14,9E0A24010B00001F
644,2025-09-15 14:05:58,9E0A24010B00001F
645,2025-09-15 14:06:13,9E0A24010B00001F
646,2025-09-15 14:06:18,9E0A24010B00001F
647,2025-09-15 14:06:46,9E0A24010B00001F
648,2025-09-15 14:06:50,9E0A24010B00001F
649,2025-09-15 14:06:52,9E0A24010B00001F
650,2025-09-15 14:07:15,9E0A24010B00001F
651,2025-09-15 14:10:15,9E0A24010B00001F
652,2025-09-15 14:12:02,9E0A24010B00001F
653,2025-09-15 14:12:14,9E0A24010B00001F
654,2025-09-15 14:12:17,9E0A24010B00001F
655,2025-09-15 14:12:23,9E0A24010B00001F
656,2025-09-15 14:12:25,9E0A24010B00001F
657,2025-09-15 14:12:33,9E0A24010B00001F
658,2025-09-15 14:12:55,9E0A24010B00001F
659,2025-09-15 14:13:18,9E0A24010B00001F
660,2025-09-15 14:13:18,9E0A24010B00001F
661,2025-09-15 16:19:35,9E0A24010B00001F
662,2025-09-15 16:20:24,9E0A24010B00001F
663,2025-09-15 16:21:32,9E0A24010B00001F
664,2025-09-15 16:22:40,9E0A24010B00001F
665,2025-09-15 16:23:34,9E0A24010B00001F
666,2025-09-15 16:23:54,9E0A24010B00001F
667,2025-09-15 16:24:24,9E0A24010B00001F
668,2025-09-15 16:24:36,9E0A24010B00001F
669,2025-09-15 16:24:43,9E0A24010B00001F
670,2025-09-15 16:25:03,9E0A24010B00001F
671,2025-09-15 16:28:03,9E0A24010B00001F
672,2025-09-15 16:30:03,9E0A24010B00001F
673,2025-09-15 16:30:25,9E0A24010B00001F
674,2025-09-15 16:30:26,9E0A24010B00001F
675,2025-09-15 22:50:48,9E0A24010B00001F
676,2025-09-15 22:52:02,9E0A24010B00001F
677,2025-09-15 22:52:21,9E0A24010B00001F
678,2025-09-15 22:52:30,9E0A24010B00001F
679,2025-09-15 22:52:56,9E0A24010B00001F
680,2025-09-15 22:52:58,9E0A24010B00001F
681,2025-09-15 22:53:01,9E0A24010B00001F
682,2025-09-15 22:53:03,9E0A24010B00001F
683,2025-09-15 22:53:04,9E0A24010B00001F
684,2025-09-15 22:53:24,9E0A24010B00001F
685,2025-09-15 22:53:44,9E0A24010B00001F
686,2025-09-15 22:53:45,9E0A24010B00001F
687,2025-09-16 13:10:39,9E0A24010B00001F
688,2025-09-16 13:12:00,9E0A24010B00001F
689,2025-09-16 13:12:13,9E0A24010B00001F
690,2025-09-16 13:12:32,9E0A24010B00001F
691,2025-09-16 13:12:59,9E0A24010B00001F
692,2025-09-16 13:14:22,9E0A24010B00001F
693,2025-09-16 13:14:25,9E0A24010B00001F
694,2025-09-16 13:15:21,9E0A24010B00001F
695,2025-09-16 13:16:30,9E0A24010B00001F
696,2025-09-16 16:29:15,9E0A24010B00001F
697,2025-09-16 16:29:15,9E0A24010B00001F
698,2025-09-16 16:30:05,9E0A24010B00001F
699,2025-09-16 16:30:34,9E0A24010B00001F
700,2025-09-16 16:30:58,9E0A24010B00001F
701,2025-09-16 16:33:58,9E0A24010B00001F
702,2025-09-16 16:35:58,9E0A24010B00001F
703,2025-09-16 16:37:56,9E0A24010B00001F
704,2025-09-16 16:38:43,9E0A24010B00001F
705,2025-09-16 16:39:01,9E0A24010B00001F
706,2025-09-16 16:39:03,9E0A24010B00001F
707,2025-09-16 16:39:05,9E0A24010B00001F
708,2025-09-16 16:39:15,9E0A24010B00001F
709,2025-09-16 16:39:22,9E0A24010B00001F
710,2025-09-16 16:39:45,9E0A24010B00001F
711,2025-09-16 16:39:45,9E0A24010B00001F
712,2025-09-16 21:53:10,9E0A24010B00001F
713,2025-09-16 21:53:51,9E0A24010B00001F
714,2025-09-16 21:54:15,9E0A24010B00001F
715,2025-09-16 21:54:57,9E0A24010B00001F
716,2025-09-16 21:56:34,9E0A24010B00001F
717,2025-09-16 21:57:46,9E0A24010B00001F
718,2025-09-16 21:59:13,9E0A24010B00001F
719,2025-09-16 22:00:56,9E0A24010B00001F
720,2025-09-16 22:00:57,9E0A24010B00001F
721,2025-09-17 10:46:40,9E0A24010B00001F
722,2025-09-17 10:49:34,9E0A24010B00001F
723,2025-09-17 10:50:09,9E0A24010B00001F
724,2025-09-17 10:50:10,9E0A24010B00001F
725,2025-09-17 13:19:20,9E0A24010B00001F
726,2025-09-17 13:19:52,9E0A24010B00001F
727,2025-09-17 13:22:17,9E0A24010B00001F
728,2025-09-17 13:22:36,9E0A24010B00001F
729,2025-09-17 13:22:59,9E0A24010B00001F
730,2025-09-17 13:22:59,9E0A24010B00001F
731,2025-09-18 10:47:21,9E0A24010B00001F
732,2025-09-18 10:47:23,9E0A24010B00001F
733,2025-09-18 10:47:43,9E0A24010B00001F
734,2025-09-18 10:50:16,9E0A24010B00001F
735,2025-09-18 10:52:16,9E0A24010B00001F
736,2025-09-18 10:52:51,9E0A24010B00001F
737,2025-09-18 10:52:52,9E0A24010B00001F
738,2025-09-18 15:41:46,9E0A24010B00001F
739,2025-09-18 15:42:15,9E0A24010B00001F
740,2025-09-18 15:43:06,9E0A24010B00001F
741,2025-09-18 15:43:32,9E0A24010B00001F
742,2025-09-18 15:43:34,9E0A24010B00001F
743,2025-09-18 15:43:36,9E0A24010B00001F
744,2025-09-18 15:44:21,9E0A24010B00001F
745,2025-09-18 15:44:36,9E0A24010B00001F
746,2025-09-18 15:44:45,9E0A24010B00001F
747,2025-09-18 15:45:01,9E0A24010B00001F
748,2025-09-18 15:45:26,9E0A24010B00001F
749,2025-09-18 15:46:24,9E0A24010B00001F
750,2025-09-18 15:47:25,9E0A24010B00001F
751,2025-09-18 15:47:34,9E0A24010B00001F
752,2025-09-18 15:47:52,9E0A24010B00001F
753,2025-09-18 15:47:52,9E0A24010B00001F
754,2025-09-18 18:24:22,9E0A24010B00001F
755,2025-09-18 18:24:23,9E0A24010B00001F
756,2025-09-18 18:26:13,9E0A24010B00001F
757,2025-09-18 18:26:47,9E0A24010B00001F
758,2025-09-18 18:26:51,9E0A24010B00001F
759,2025-09-18 18:27:09,9E0A24010B00001F
760,2025-09-18 18:27:09,9E0A24010B00001F
761,2025-09-18 21:33:09,9E0A24010B00001F
762,2025-09-18 21:34:04,9E0A24010B00001F
763,2025-09-18 21:34:10,9E0A24010B00001F
764,2025-09-18 21:34:13,9E0A24010B00001F
765,2025-09-18 21:34:13,9E0A24010B00001F
766,2025-09-18 21:34:56,9E0A24010B00001F
767,2025-09-18 21:35:01,9E0A24010B00001F
768,2025-09-18 21:35:57,9E0A24010B00001F
769,2025-09-18 21:36:17,9E0A24010B00001F
770,2025-09-18 21:37:19,9E0A24010B00001F
771,2025-09-18 21:39:50,9E0A24010B00001F
772,2025-09-18 21:40:06,9E0A24010B00001F
773,2025-09-18 21:40:27,9E0A24010B00001F
774,2025-09-18 21:41:23,9E0A24010B00001F
775,2025-09-18 21:41:30,9E0A24010B00001F
776,2025-09-18 21:41:32,9E0A24010B00001F
777,2025-09-18 21:41:34,9E0A24010B00001F
778,2025-09-18 21:41:55,9E0A24010B00001F
779,2025-09-18 21:42:38,9E0A24010B00001F
780,2025-09-18 21:42:39,9E0A24010B00001F
781,2025-09-19 14:10:05,9E0A24010B00001F
782,2025-09-19 14:12:53,9E0A24010B00001F
783,2025-09-19 14:13:14,9E0A24010B00001F
784,2025-09-19 14:13:36,9E0A24010B00001F
785,2025-09-19 14:16:36,9E0A24010B00001F
786,2025-09-19 14:18:36,9E0A24010B00001F
787,2025-09-19 14:21:03,9E0A24010B00001F
788,2025-09-19 14:21:28,9E0A24010B00001F
789,2025-09-19 14:21:49,9E0A24010B00001F
790,2025-09-19 14:22:57,9E0A24010B00001F
791,2025-09-19 14:23:20,9E0A24010B00001F
792,2025-09-19 14:23:52,9E0A24010B00001F
793,2025-09-19 14:24:19,9E0A24010B00001F
794,2025-09-19 14:24:19,9E0A24010B00001F
795,2025-09-19 14:24:19,9E0A24010B00001F
796,2025-09-19 14:25:57,9E0A24010B00001F
797,2025-09-19 14:26:25,9E0A24010B00001F
798,2025-09-19 14:26:47,9E0A24010B00001F
799,2025-09-19 14:28:05,9E0A24010B00001F
800,2025-09-19 14:28:05,9E0A24010B00001F
801,2025-09-19 15:02:47,9E0A24010B00001F
802,2025-09-19 15:03:53,9E0A24010B00001F
803,2025-09-19 15:04:33,9E0A24010B00001F
804,2025-09-19 15:06:22,9E0A24010B00001F
805,2025-09-19 15:07:09,9E0A24010B00001F
806,2025-09-19 15:08:02,9E0A24010B00001F
807,2025-09-19 15:08:27,9E0A24010B00001F
808,2025-09-19 15:08:34,9E0A24010B00001F
809,2025-09-19 15:08:40,9E0A24010B00001F
810,2025-09-19 15:09:00,9E0A24010B00001F
811,2025-09-19 15:09:43,9E0A24010B00001F
812,2025-09-19 15:10:04,9E0A24010B00001F
813,2025-09-19 15:11:07,9E0A24010B00001F
814,2025-09-19 15:11:29,9E0A24010B00001F
815,2025-09-19 15:12:16,9E0A24010B00001F
816,2025-09-19 15:12:25,9E0A24010B00001F
817,2025-09-19 15:12:54,9E0A24010B00001F
818,2025-09-19 15:13:14,9E0A24010B00001F
819,2025-09-19 15:14:46,9E0A24010B00001F
820,2025-09-19 15:14:47,9E0A24010B00001F
821,2025-09-19 16:41:13,9E0A24010B00001F
822,2025-09-19 16:42:10,9E0A24010B00001F
823,2025-09-19 16:43:01,9E0A24010B00001F
824,2025-09-19 16:43:20,9E0A24010B00001F
825,2025-09-19 16:44:34,9E0A24010B00001F
826,2025-09-19 16:45:03,9E0A24010B00001F
827,2025-09-19 16:45:48,9E0A24010B00001F
828,2025-09-19 16:45:58,9E0A24010B00001F
829,2025-09-19 16:46:48,9E0A24010B00001F
830,2025-09-19 16:47:30,9E0A24010B00001F
831,2025-09-19 16:48:12,9E0A24010B00001F
832,2025-09-19 16:48:14,9E0A24010B00001F
833,2025-09-19 16:48:31,9E0A24010B00001F
834,2025-09-19 16:49:05,9E0A24010B00001F
835,2025-09-19 16:49:25,9E0A24010B00001F
836,2025-09-19 16:49:56,9E0A24010B00001F
837,2025-09-19 16:49:56,9E0A24010B00001F
838,2025-09-20 23:14:33,9E0A24010B00001F
839,2025-09-20 23:17:24,9E0A24010B00001F
840,2025-09-20 23:17:39,9E0A24010B00001F
841,2025-09-20 23:17:40,9E0A24010B00001F
842,2025-09-22 16:11:24,9E0A24010B00001F
843,2025-09-22 16:11:27,9E0A24010B00001F
844,2025-09-22 16:11:30,9E0A24010B00001F
845,2025-09-22 16:11:32,9E0A24010B00001F
846,2025-09-22 16:11:59,9E0A24010B00001F
847,2025-09-22 16:12:15,9E0A24010B00001F
848,2025-09-22 16:12:16,9E0A24010B00001F
849,2025-09-22 16:12:18,9E0A24010B00001F
850,2025-09-22 16:12:40,9E0A24010B00001F
851,2025-09-22 16:14:34,9E0A24010B00001F
852,2025-09-22 16:15:01,9E0A24010B00001F
853,2025-09-22 16:15:08,9E0A24010B00001F
854,2025-09-22 16:15:30,9E0A24010B00001F
855,2025-09-22 16:16:44,9E0A24010B00001F
856,2025-09-22 16:17:43,9E0A24010B00001F
857,2025-09-22 16:18:30,9E0A24010B00001F
858,2025-09-22 16:19:14,9E0A24010B00001F
859,2025-09-22 16:19:18,9E0A24010B00001F
860,2025-09-22 16:19:56,9E0A24010B00001F
861,2025-09-22 16:20:29,9E0A24010B00001F
862,2025-09-22 16:20:37,9E0A24010B00001F
863,2025-09-22 16:20:57,9E0A24010B00001F
864,2025-09-22 16:21:00,9E0A24010B00001F
865,2025-09-22 16:21:09,9E0A24010B00001F
866,2025-09-22 16:21:10,9E0A24010B00001F
867,2025-09-22 16:21:36,9E0A24010B00001F
868,2025-09-22 16:21:44,9E0A24010B00001F
869,2025-09-22 16:21:45,9E0A24010B00001F
870,2025-09-23 13:07:40,9E0A24010B00001F
871,2025-09-23 13:09:57,9E0A24010B00001F
872,2025-09-23 13:10:09,9E0A24010B00001F
873,2025-09-23 13:10:10,9E0A24010B00001F
874,2025-09-23 13:10:24,9E0A24010B00001F
875,2025-09-23 13:11:09,9E0A24010B00001F
876,2025-09-23 13:11:11,9E0A24010B00001F
877,2025-09-23 13:11:14,9E0A24010B00001F
878,2025-09-23 13:11:34,9E0A24010B00001F
879,2025-09-23 13:11:56,9E0A24010B00001F
880,2025-09-23 13:12:34,9E0A24010B00001F
881,2025-09-23 13:12:54,9E0A24010B00001F
882,2025-09-23 13:14:19,9E0A24010B00001F
883,2025-09-23 13:15:10,9E0A24010B00001F
884,2025-09-23 13:18:10,9E0A24010B00001F
885,2025-09-23 13:20:10,9E0A24010B00001F
886,2025-09-23 13:21:29,9E0A24010B00001F
887,2025-09-23 13:22:25,9E0A24010B00001F
888,2025-09-23 13:23:53,9E0A24010B00001F
889,2025-09-23 13:24:35,9E0A24010B00001F
890,2025-09-24 13:10:01,9E0A24010B00001F
891,2025-09-24 13:11:49,9E0A24010B00001F
892,2025-09-24 13:12:10,9E0A24010B00001F
893,2025-09-24 13:12:13,9E0A24010B00001F
894,2025-09-24 13:12:16,9E0A24010B00001F
895,2025-09-24 13:12:31,9E0A24010B00001F
896,2025-09-24 13:12:31,9E0A24010B00001F
897,2025-09-25 13:41:03,9E0A24010B00001F
898,2025-09-25 13:42:36,9E0A24010B00001F
899,2025-09-25 13:43:10,9E0A24010B00001F
900,2025-09-25 13:43:34,9E0A24010B00001F
901,2025-09-25 13:46:34,9E0A24010B00001F
902,2025-09-25 13:46:53,9E0A24010B00001F
903,2025-09-25 13:47:53,9E0A24010B00001F
904,2025-09-25 13:48:39,9E0A24010B00001F
905,2025-09-25 13:48:41,9E0A24010B00001F
906,2025-09-25 13:48:42,9E0A24010B00001F
907,2025-09-25 13:48:45,9E0A24010B00001F
908,2025-09-25 13:49:06,9E0A24010B00001F
909,2025-09-25 13:49:12,9E0A24010B00001F
910,2025-09-25 13:50:39,9E0A24010B00001F
911,2025-09-25 13:50:41,9E0A24010B00001F
912,2025-09-25 13:51:56,9E0A24010B00001F
913,2025-09-25 13:52:02,9E0A24010B00001F
914,2025-09-25 13:52:08,9E0A24010B00001F
915,2025-09-25 13:52:28,9E0A24010B00001F
916,2025-09-25 13:55:28,9E0A24010B00001F
917,2025-09-25 13:57:28,9E0A24010B00001F
918,2025-09-25 13:58:55,9E0A24010B00001F
919,2025-09-25 13:58:56,9E0A24010B00001F
920,2025-09-25 19:01:15,9E0A24010B00001F
921,2025-09-25 19:01:50,9E0A24010B00001F
922,2025-09-25 19:02:47,9E0A24010B00001F
923,2025-09-25 19:03:29,9E0A24010B00001F
924,2025-09-25 19:04:01,9E0A24010B00001F
925,2025-09-25 19:04:20,9E0A24010B00001F
926,2025-09-25 19:04:27,9E0A24010B00001F
927,2025-09-25 19:04:50,9E0A24010B00001F
928,2025-09-25 19:05:49,9E0A24010B00001F
929,2025-09-25 19:06:57,9E0A24010B00001F
930,2025-09-25 19:07:22,9E0A24010B00001F
931,2025-09-25 19:08:31,9E0A24010B00001F
932,2025-09-25 19:08:34,9E0A24010B00001F
933,2025-09-25 19:09:22,9E0A24010B00001F
934,2025-09-25 19:09:28,9E0A24010B00001F
935,2025-09-25 19:09:52,9E0A24010B00001F
936,2025-09-25 19:11:00,9E0A24010B00001F
937,2025-09-25 19:11:01,9E0A24010B00001F
938,2025-09-26 13:04:12,9E0A24010B00001F
939,2025-09-26 13:04:52,9E0A24010B00001F
940,2025-09-26 13:05:25,9E0A24010B00001F
941,2025-09-26 13:05:30,9E0A24010B00001F
942,2025-09-26 13:05:34,9E0A24010B00001F
943,2025-09-26 13:05:53,9E0A24010B00001F
944,2025-09-26 13:07:00,9E0A24010B00001F
945,2025-09-26 13:08:03,9E0A24010B00001F
946,2025-09-26 13:08:53,9E0A24010B00001F
947,2025-09-26 13:08:55,9E0A24010B00001F
948,2025-09-26 13:09:09,9E0A24010B00001F
949,2025-09-26 13:09:34,9E0A24010B00001F
950,2025-09-26 13:11:04,9E0A24010B00001F
951,2025-09-26 13:11:04,9E0A24010B00001F
952,2025-09-26 15:16:43,9E0A24010B00001F
953,2025-09-26 15:17:33,9E0A24010B00001F
954,2025-09-26 15:17:56,9E0A24010B00001F
955,2025-09-26 15:18:18,9E0A24010B00001F
956,2025-09-26 15:21:18,9E0A24010B00001F
957,2025-09-26 15:23:18,9E0A24010B00001F
958,2025-09-26 15:33:17,9E0A24010B00001F
959,2025-09-26 15:34:24,9E0A24010B00001F
960,2025-09-26 15:36:50,9E0A24010B00001F
961,2025-09-26 15:37:14,9E0A24010B00001F
962,2025-09-26 15:37:18,9E0A24010B00001F
963,2025-09-26 15:37:20,9E0A24010B00001F
964,2025-09-26 15:37:58,9E0A24010B00001F
965,2025-09-26 15:38:55,9E0A24010B00001F
966,2025-09-26 15:38:58,9E0A24010B00001F
967,2025-09-26 15:39:04,9E0A24010B00001F
968,2025-09-26 15:39:23,9E0A24010B00001F
969,2025-09-26 15:39:45,9E0A24010B00001F
970,2025-09-26 15:39:45,9E0A24010B00001F
971,2025-09-27 16:00:13,9E0A24010B00001F
972,2025-09-27 16:01:54,9E0A24010B00001F
973,2025-09-27 16:02:21,9E0A24010B00001F
974,2025-09-27 16:02:50,9E0A24010B00001F
975,2025-09-27 16:03:26,9E0A24010B00001F
976,2025-09-27 16:03:32,9E0A24010B00001F
977,2025-09-27 16:03:53,9E0A24010B00001F
978,2025-09-27 16:05:50,9E0A24010B00001F
979,2025-09-27 16:06:42,9E0A24010B00001F
980,2025-09-27 16:08:17,9E0A24010B00001F
981,2025-09-27 16:09:08,9E0A24010B00001F
982,2025-09-27 16:09:11,9E0A24010B00001F
983,2025-09-27 16:10:05,9E0A24010B00001F
984,2025-09-27 16:10:39,9E0A24010B00001F
985,2025-09-27 16:11:23,9E0A24010B00001F
986,2025-09-27 16:11:23,9E0A24010B00001F
987,2025-09-28 19:11:12,9E0A24010B00001F
988,2025-09-28 19:11:44,9E0A24010B00001F
989,2025-09-28 19:12:07,9E0A24010B00001F
990,2025-09-28 19:13:37,9E0A24010B00001F
991,2025-09-28 19:14:34,9E0A24010B00001F
992,2025-09-28 19:14:42,9E0A24010B00001F
993,2025-09-28 19:15:46,9E0A24010B00001F
994,2025-09-28 19:16:36,9E0A24010B00001F
995,2025-09-28 19:16:36,9E0A24010B00001F
996,2025-09-29 14:06:33,9E0A24010B00001F
997,2025-09-29 14:06:39,9E0A24010B00001F
998,2025-09-29 14:09:31,9E0A24010B00001F
999,2025-09-29 14:10:04,9E0A24010B00001F
1000,2025-09-29 14:10:26,9E0A24010B00001F
1001,2025-09-29 14:10:27,9E0A24010B00001F
1002,2025-10-02 14:47:50,9E0A24010B00001F
1003,2025-10-02 14:48:43,9E0A24010B00001F
1004,2025-10-02 14:49:13,9E0A24010B00001F
1005,2025-10-02 14:50:22,9E0A24010B00001F
1006,2025-10-02 14:50:28,9E0A24010B00001F
1007,2025-10-02 14:50:48,9E0A24010B00001F
1008,2025-10-02 14:51:19,9E0A24010B00001F
1009,2025-10-02 14:51:20,9E0A24010B00001F
1010,2025-10-02 15:04:36,9E0A24010B00001F
1011,2025-10-02 15:04:37,9E0A24010B00001F
1012,2025-10-02 15:04:38,9E0A24010B00001F
1013,2025-10-02 15:04:39,9E0A24010B00001F
1014,2025-10-02 15:08:43,9E0A24010B00001F
1015,2025-10-02 15:08:48,9E0A24010B00001F
1016,2025-10-02 15:10:17,9E0A24010B00001F
1017,2025-10-02 15:10:20,9E0A24010B00001F
1018,2025-10-02 15:10:20,9E0A24010B00001F
1019,2025-10-02 15:11:42,9E0A24010B00001F
1020,2025-10-03 15:29:45,9E0A24010B00001F
1021,2025-10-03 15:29:52,9E0A24010B00001F
1022,2025-10-03 15:32:52,9E0A24010B00001F
1023,2025-10-03 15:33:33,9E0A24010B00001F
1024,2025-10-03 15:34:06,9E0A24010B00001F
1025,2025-10-03 15:34:27,9E0A24010B00001F
1026,2025-10-03 15:37:27,9E0A24010B00001F
1027,2025-10-03 15:39:12,9E0A24010B00001F
1028,2025-10-03 15:39:49,9E0A24010B00001F
1029,2025-10-03 15:42:49,9E0A24010B00001F
1030,2025-10-03 15:44:18,9E0A24010B00001F
1031,2025-10-03 15:45:04,9E0A24010B00001F
1032,2025-10-03 15:45:07,9E0A24010B00001F
1033,2025-10-03 15:45:48,9E0A24010B00001F
1034,2025-10-03 15:46:15,9E0A24010B00001F
1035,2025-10-03 15:48:38,9E0A24010B00001F
1036,2025-10-03 15:48:44,9E0A24010B00001F
1037,2025-10-03 15:48:44,9E0A24010B00001F
1038,2025-10-03 15:48:53,9E0A24010B00001F
1039,2025-10-03 15:49:01,9E0A24010B00001F
1040,2025-10-03 15:49:04,9E0A24010B00001F
1041,2025-10-03 15:49:57,9E0A24010B00001F
1042,2025-10-03 15:50:34,9E0A24010B00001F
1043,2025-10-03 15:50:37,9E0A24010B00001F
1044,2025-10-03 15:50:45,9E0A24010B00001F
1045,2025-10-03 15:50:50,9E0A24010B00001F
1046,2025-10-03 15:51:34,9E0A24010B00001F
1047,2025-10-03 15:52:05,9E0A24010B00001F
1048,2025-10-03 15:55:05,9E0A24010B00001F
1049,2025-10-03 15:57:05,9E0A24010B00001F
1050,2025-10-03 16:01:12,9E0A24010B00001F
1051,2025-10-03 16:01:13,9E0A24010B00001F
1052,2025-10-04 14:23:11,9E0A24010B00001F
1053,2025-10-04 14:25:16,9E0A24010B00001F
1054,2025-10-04 14:25:46,9E0A24010B00001F
1055,2025-10-04 14:26:35,9E0A24010B00001F
1056,2025-10-04 14:28:39,9E0A24010B00001F
1057,2025-10-04 14:29:15,9E0A24010B00001F
1058,2025-10-04 14:29:35,9E0A24010B00001F
1059,2025-10-04 14:31:31,9E0A24010B00001F
1060,2025-10-04 14:32:20,9E0A24010B00001F
1061,2025-10-04 14:33:08,9E0A24010B00001F
1062,2025-10-04 14:34:14,9E0A24010B00001F
1063,2025-10-04 14:34:18,9E0A24010B00001F
1064,2025-10-04 14:35:02,9E0A24010B00001F
1065,2025-10-04 14:35:22,9E0A24010B00001F
1066,2025-10-04 14:35:48,9E0A24010B00001F
1067,2025-10-04 14:35:55,9E0A24010B00001F
1068,2025-10-04 14:36:01,9E0A24010B00001F
1069,2025-10-04 14:36:09,9E0A24010B00001F
1070,2025-10-04 14:36:12,9E0A24010B00001F
1071,2025-10-04 14:36:23,9E0A24010B00001F
1072,2025-10-04 14:36:24,9E0A24010B00001F
1073,2025-10-04 14:36:50,9E0A24010B00001F
1074,2025-10-04 14:37:06,9E0A24010B00001F
1075,2025-10-04 14:37:07,9E0A24010B00001F
1076,2025-10-05 16:19:14,9E0A24010B00001F
1077,2025-10-05 16:20:07,9E0A24010B00001F
1078,2025-10-05 16:20:13,9E0A24010B00001F
1079,2025-10-05 16:20:16,9E0A24010B00001F
1080,2025-10-05 16:21:05,9E0A24010B00001F
1081,2025-10-05 16:21:30,9E0A24010B00001F
1082,2025-10-05 16:21:35,9E0A24010B00001F
1083,2025-10-05 16:21:36,9E0A24010B00001F
1084,2025-10-05 17:00:26,9E0A24010B00001F
1085,2025-10-05 17:00:36,9E0A24010B00001F
1086,2025-10-05 17:01:29,9E0A24010B00001F
1087,2025-10-05 17:02:42,9E0A24010B00001F
1088,2025-10-05 17:04:06,9E0A24010B00001F
1089,2025-10-05 17:04:51,9E0A24010B00001F
1090,2025-10-05 17:05:12,9E0A24010B00001F
1091,2025-10-05 17:05:39,9E0A24010B00001F
1092,2025-10-05 17:05:48,9E0A24010B00001F
1093,2025-10-05 17:05:50,9E0A24010B00001F
1094,2025-10-05 17:06:11,9E0A24010B00001F
1095,2025-10-05 17:06:29,9E0A24010B00001F
1096,2025-10-05 17:06:30,9E0A24010B00001F
1097,2025-10-05 22:58:37,9E0A24010B00001F
1098,2025-10-05 23:00:50,9E0A24010B00001F
1099,2025-10-05 23:01:38,9E0A24010B00001F
1100,2025-10-05 23:01:54,9E0A24010B00001F
1101,2025-10-05 23:01:54,9E0A24010B00001F
1102,2025-10-07 12:49:31,9E0A24010B00001F
1103,2025-10-07 12:49:37,9E0A24010B00001F
1104,2025-10-07 12:51:47,9E0A24010B00001F
1105,2025-10-07 12:51:48,9E0A24010B00001F
1106,2025-10-15 14:08:08,9E0A24010B00001F
1107,2025-10-15 14:10:50,9E0A24010B00001F
1108,2025-10-15 14:11:54,9E0A24010B00001F
1109,2025-10-15 14:12:27,9E0A24010B00001F
1110,2025-10-15 14:12:49,9E0A24010B00001F
1111,2025-10-15 14:13:25,9E0A24010B00001F
1112,2025-10-15 14:14:16,9E0A24010B00001F
1113,2025-10-15 14:14:18,9E0A24010B00001F
1114,2025-10-15 14:15:11,9E0A24010B00001F
1115,2025-10-15 14:15:31,9E0A24010B00001F
1116,2025-10-15 14:18:31,9E0A24010B00001F
1117,2025-10-15 14:19:17,9E0A24010B00001F
1118,2025-10-15 14:19:18,9E0A24010B00001F
1119,2025-10-17 07:18:11,9E0A24010B00001F
1120,2025-10-17 07:18:16,9E0A24010B00001F
1121,2025-10-17 11:20:10,9E0A24010B00001F
1122,2025-10-17 11:21:36,9E0A24010B00001F
1123,2025-10-17 11:22:21,9E0A24010B00001F
1124,2025-10-17 11:22:28,9E0A24010B00001F
1125,2025-10-17 11:23:55,9E0A24010B00001F
1126,2025-10-17 11:24:56,9E0A24010B00001F
1127,2025-10-17 11:25:26,9E0A24010B00001F
1128,2025-10-17 11:25:36,9E0A24010B00001F
1129,2025-10-17 11:25:55,9E0A24010B00001F
1130,2025-10-17 11:26:41,9E0A24010B00001F
1131,2025-10-17 11:26:49,9E0A24010B00001F
1132,2025-10-17 11:26:57,9E0A24010B00001F
1133,2025-10-17 11:27:00,9E0A24010B00001F
1134,2025-10-17 11:27:19,9E0A24010B00001F
1135,2025-10-17 11:30:19,9E0A24010B00001F
1136,2025-10-17 11:30:44,9E0A24010B00001F
1137,2025-10-17 11:30:44,9E0A24010B00001F
1138,2025-10-24 10:46:51,9E0A24010B00001F
1139,2025-10-24 10:47:01,9E0A24010B00001F
1140,2025-10-25 13:08:29,9E0A24010B00001F
1141,2025-10-25 13:08:34,9E0A24010B00001F
1142,2025-10-25 13:09:55,9E0A24010B00001F
1143,2025-10-25 13:09:55,9E0A24010B00001F
1144,2025-10-27 15:13:52,9E0A24010B00001F
1145,2025-10-27 15:13:52,9E0A24010B00001F
1146,2025-10-27 15:16:16,9E0A24010B00001F
1147,2025-10-27 15:17:03,9E0A24010B00001F
1148,2025-10-27 15:17:35,9E0A24010B00001F
1149,2025-10-27 15:17:36,9E0A24010B00001F
1150,2025-10-27 15:48:35,9E0A24010B00001F
1151,2025-10-27 15:50:02,9E0A24010B00001F
1152,2025-10-27 15:50:06,9E0A24010B00001F
1153,2025-10-27 15:50:40,9E0A24010B00001F
1154,2025-10-27 15:50:58,9E0A24010B00001F
1155,2025-10-27 15:51:41,9E0A24010B00001F
1156,2025-10-27 15:53:12,9E0A24010B00001F
1157,2025-10-27 15:54:08,9E0A24010B00001F
1158,2025-10-27 15:55:01,9E0A24010B00001F
1159,2025-10-27 15:56:33,9E0A24010B00001F
1160,2025-10-27 15:57:38,9E0A24010B00001F
1161,2025-10-27 15:57:52,9E0A24010B00001F
1162,2025-10-27 15:58:20,9E0A24010B00001F
1163,2025-10-27 15:58:52,9E0A24010B00001F
1164,2025-10-27 15:58:59,9E0A24010B00001F
1165,2025-10-27 15:59:23,9E0A24010B00001F
1166,2025-10-27 16:02:14,9E0A24010B00001F
1167,2025-10-27 16:02:15,9E0A24010B00001F
1168,2025-10-31 14:56:30,9E0A24010B00001F
1169,2025-10-31 14:56:36,9E0A24010B00001F
1170,2025-10-31 14:56:37,9E0A24010B00001F
1171,2025-10-31 14:56:40,9E0A24010B00001F
1172,2025-10-31 14:56:41,9E0A24010B00001F
1173,2025-10-31 14:56:43,9E0A24010B00001F
1174,2025-10-31 14:57:02,9E0A24010B00001F
1175,2025-10-31 14:57:18,9E0A24010B00001F
1176,2025-10-31 14:57:18,9E0A24010B00001F
1177,2025-10-31 18:59:09,9E0A24010B00001F
1178,2025-10-31 18:59:17,9E0A24010B00001F
1179,2025-10-31 19:01:17,9E0A24010B00001F
1180,2025-10-31 19:08:01,9E0A24010B00001F
1181,2025-10-31 19:08:18,9E0A24010B00001F
1182,2025-10-31 19:08:42,9E0A24010B00001F
1183,2025-10-31 19:09:04,9E0A24010B00001F
1184,2025-10-31 19:11:05,9E0A24010B00001F
1185,2025-10-31 19:11:28,9E0A24010B00001F
1186,2025-10-31 19:13:35,9E0A24010B00001F
1187,2025-10-31 19:14:02,9E0A24010B00001F
1188,2025-10-31 19:14:07,9E0A24010B00001F
1189,2025-10-31 19:14:10,9E0A24010B00001F
1190,2025-10-31 19:14:30,9E0A24010B00001F
1191,2025-10-31 19:17:14,9E0A24010B00001F
1192,2025-10-31 19:18:06,9E0A24010B00001F
1193,2025-10-31 19:20:01,9E0A24010B00001F
1194,2025-10-31 19:21:08,9E0A24010B00001F
1195,2025-10-31 19:21:10,9E0A24010B00001F
1196,2025-10-31 19:22:07,9E0A24010B00001F
1197,2025-10-31 19:22:36,9E0A24010B00001F
1198,2025-10-31 19:23:16,9E0A24010B00001F
1199,2025-10-31 19:23:17,9E0A24010B00001F
1200,2025-10-31 22:18:20,9E0A24010B00001F
1201,2025-10-31 22:18:45,9E0A24010B00001F
1202,2025-10-31 22:21:45,9E0A24010B00001F
1203,2025-10-31 22:22:21,9E0A24010B00001F
1204,2025-10-31 22:22:29,9E0A24010B00001F
1205,2025-10-31 22:22:38,9E0A24010B00001F
1206,2025-10-31 22:23:20,9E0A24010B00001F
1207,2025-10-31 22:23:29,9E0A24010B00001F
1208,2025-10-31 22:24:24,9E0A24010B00001F
1209,2025-10-31 22:26:18,9E0A24010B00001F
1210,2025-10-31 22:27:00,9E0A24010B00001F
1211,2025-10-31 22:28:34,9E0A24010B00001F
1212,2025-10-31 22:29:08,9E0A24010B00001F
1213,2025-10-31 22:29:10,9E0A24010B00001F
1214,2025-10-31 22:29:30,9E0A24010B00001F
1215,2025-10-31 22:31:44,9E0A24010B00001F
1216,2025-10-31 22:32:07,9E0A24010B00001F
1217,2025-10-31 22:33:19,9E0A24010B00001F
1218,2025-10-31 22:33:30,9E0A24010B00001F
1219,2025-10-31 22:33:58,9E0A24010B00001F
1220,2025-10-31 22:34:47,9E0A24010B00001F
1221,2025-10-31 22:35:13,9E0A24010B00001F
1222,2025-10-31 22:35:40,9E0A24010B00001F
1223,2025-10-31 22:36:30,9E0A24010B00001F
1224,2025-10-31 22:36:51,9E0A24010B00001F
1225,2025-10-31 22:37:30,9E0A24010B00001F
1226,2025-10-31 22:37:52,9E0A24010B00001F
1227,2025-10-31 22:38:16,9E0A24010B00001F
1228,2025-10-31 22:39:11,9E0A24010B00001F
1229,2025-10-31 22:40:16,9E0A24010B00001F
1230,2025-10-31 22:41:09,9E0A24010B00001F
1231,2025-10-31 22:41:10,9E0A24010B00001F
1232,2025-10-31 23:07:38,9E0A24010B00001F
1233,2025-10-31 23:08:19,9E0A24010B00001F
1234,2025-10-31 23:08:42,9E0A24010B00001F
1235,2025-10-31 23:10:42,9E0A24010B00001F
1236,2025-10-31 23:11:01,9E0A24010B00001F
1237,2025-10-31 23:11:10,9E0A24010B00001F
1238,2025-10-31 23:12:22,9E0A24010B00001F
1239,2025-10-31 23:13:58,9E0A24010B00001F
1240,2025-10-31 23:14:11,9E0A24010B00001F
1241,2025-10-31 23:14:13,9E0A24010B00001F
1242,2025-10-31 23:15:03,9E0A24010B00001F
1243,2025-10-31 23:15:40,9E0A24010B00001F
1244,2025-10-31 23:16:21,9E0A24010B00001F
1245,2025-10-31 23:16:24,9E0A24010B00001F
1246,2025-10-31 23:16:27,9E0A24010B00001F
1247,2025-10-31 23:16:31,9E0A24010B00001F
1248,2025-10-31 23:16:32,9E0A24010B00001F
1249,2025-10-31 23:16:33,9E0A24010B00001F
1250,2025-10-31 23:16:35,9E0A24010B00001F
1251,2025-10-31 23:16:56,9E0A24010B00001F
1252,2025-10-31 23:16:56,9E0A24010B00001F
1253,2025-10-31 23:17:19,9E0A24010B00001F
1254,2025-10-31 23:17:19,9E0A24010B00001F
1255,2025-11-01 20:39:48,9E0A24010B00001F
1256,2025-11-01 20:39:53,9E0A24010B00001F
1257,2025-11-03 14:17:51,9E0A24010B00001F
1258,2025-11-03 14:42:29,9E0A24010B00001F
1259,2025-11-03 14:42:42,9E0A24010B00001F
1260,2025-11-03 14:42:43,9E0A24010B00001F
1261,2025-11-06 17:50:59,9E0A24010B00001F
1262,2025-11-06 17:51:02,9E0A24010B00001F
1263,2025-11-07 10:25:01,9E0A24010B00001F
1264,2025-11-07 10:27:48,9E0A24010B00001F
1265,2025-11-07 10:29:48,9E0A24010B00001F
1266,2025-11-07 10:30:22,9E0A24010B00001F
1267,2025-11-07 10:30:22,9E0A24010B00001F
1268,2025-11-10 18:29:51,9E0A24010B00001F
1269,2025-11-10 18:29:53,9E0A24010B00001F
1270,2025-11-10 18:30:23,9E0A24010B00001F
1271,2025-11-10 18:30:27,9E0A24010B00001F
1272,2025-11-10 18:30:46,9E0A24010B00001F
1273,2025-11-10 18:33:46,9E0A24010B00001F
1274,2025-11-10 18:35:46,9E0A24010B00001F
1275,2025-11-10 18:35:57,9E0A24010B00001F
1276,2025-11-10 18:36:45,9E0A24010B00001F
1277,2025-11-10 18:37:05,9E0A24010B00001F
1278,2025-11-10 18:38:41,9E0A24010B00001F
1279,2025-11-10 18:38:41,9E0A24010B00001F
1280,2025-11-17 17:11:42,9E0A24010B00001F
1281,2025-11-17 17:11:59,9E0A24010B00001F
1282,2025-11-17 17:12:05,9E0A24010B00001F
1283,2025-11-17 17:12:07,9E0A24010B00001F
1284,2025-11-17 17:12:16,9E0A24010B00001F
1285,2025-11-17 17:12:24,9E0A24010B00001F
1286,2025-11-17 17:12:26,9E0A24010B00001F
1287,2025-11-17 17:12:45,9E0A24010B00001F
1288,2025-11-17 17:14:30,9E0A24010B00001F
1289,2025-11-17 17:15:09,9E0A24010B00001F
1290,2025-11-17 17:16:03,9E0A24010B00001F
1291,2025-11-17 17:19:03,9E0A24010B00001F
1292,2025-11-17 17:21:03,9E0A24010B00001F
1293,2025-11-17 17:25:02,9E0A24010B00001F
1294,2025-11-17 17:25:44,9E0A24010B00001F
1295,2025-11-17 17:26:50,9E0A24010B00001F
1296,2025-11-17 17:28:16,9E0A24010B00001F
1297,2025-11-17 17:28:33,9E0A24010B00001F
1298,2025-11-17 17:28:55,9E0A24010B00001F
1299,2025-11-17 17:29:26,9E0A24010B00001F
1300,2025-11-17 17:29:32,9E0A24010B00001F
1301,2025-11-17 17:29:58,9E0A24010B00001F
1302,2025-11-17 17:30:53,9E0A24010B00001F
1303,2025-11-17 17:31:07,9E0A24010B00001F
1304,2025-11-17 17:31:08,9E0A24010B00001F
1305,2025-11-17 17:31:11,9E0A24010B00001F
1306,2025-11-17 17:31:56,9E0A24010B00001F
1307,2025-11-17 17:31:57,9E0A24010B00001F
1308,2025-11-17 17:32:18,9E0A24010B00001F
1309,2025-11-17 17:33:16,9E0A24010B00001F
1310,2025-11-17 17:33:17,9E0A24010B00001F
1311,2025-11-17 22:50:25,9E0A24010B00001F
1312,2025-11-17 22:53:02,9E0A24010B00001F
1313,2025-11-17 22:53:39,9E0A24010B00001F
1314,2025-11-17 22:53:54,9E0A24010B00001F
1315,2025-11-17 22:54:41,9E0A24010B00001F
1316,2025-11-17 22:57:41,9E0A24010B00001F
1317,2025-11-17 22:58:48,9E0A24010B00001F
1318,2025-11-17 22:59:41,9E0A24010B00001F
1319,2025-11-17 23:01:26,9E0A24010B00001F
1320,2025-11-17 23:01:46,9E0A24010B00001F
1321,2025-11-17 23:01:48,9E0A24010B00001F
1322,2025-11-17 23:01:50,9E0A24010B00001F
1323,2025-11-17 23:02:09,9E0A24010B00001F
1324,2025-11-17 23:05:09,9E0A24010B00001F
1325,2025-11-17 23:05:19,9E0A24010B00001F
1326,2025-11-17 23:05:19,9E0A24010B00001F
1327,2025-11-18 20:56:30,9E0A24010B00001F
1328,2025-11-18 20:58:35,9E0A24010B00001F
1329,2025-11-18 20:59:22,9E0A24010B00001F
1330,2025-11-18 21:01:14,9E0A24010B00001F
1331,2025-11-18 21:01:44,9E0A24010B00001F
1332,2025-11-18 21:01:50,9E0A24010B00001F
1333,2025-11-18 21:01:57,9E0A24010B00001F
1334,2025-11-18 21:02:12,9E0A24010B00001F
1335,2025-11-18 21:03:41,9E0A24010B00001F
1336,2025-11-18 21:03:47,9E0A24010B00001F
1337,2025-11-18 21:04:02,9E0A24010B00001F
1338,2025-11-18 21:04:03,9E0A24010B00001F
1339,2025-11-18 22:44:51,9E0A24010B00001F
1340,2025-11-18 22:45:56,9E0A24010B00001F
1341,2025-11-18 22:46:32,9E0A24010B00001F
1342,2025-11-18 22:46:32,9E0A24010B00001F
